시도,연도,월,월최고기온,월평균기온,월최저기온,월강수합계,월평균습도,월최대풍속,월평균일교차,월전3일평균기온,월전7일강수합계,월연속고온일수,강수일수,변압기화재건수,인명피해합계,재산피해합계,전년전기화재건수,전년변압기화재건수,계절,계절코드,시도코드,예측건수,위험도등급
서울,2020,1,10.2,-0.1580645161290322,-7.6,63.9,68.83870967741936,29.8,8.674193548387096,-0.3086021505376342,14.109677419354838,0,4,0,0.0,0.0,0.0,0.0,겨울,4,0,0.121,낮음
서울,2020,2,14.3,0.8034482758620689,-11.9,60.0,68.79310344827586,32.4,9.358620689655172,0.7022988505747136,12.03448275862069,0,7,1,0.0,29276.0,0.0,0.0,겨울,4,0,0.688,보통
서울,2020,3,19.5,5.45483870967742,-5.4,17.6,63.45161290322581,38.9,11.383870967741936,5.339784946236561,6.374193548387097,0,5,0,0.0,0.0,0.0,0.0,봄,1,0,0.044,낮음
서울,2020,4,23.4,9.613333333333332,-1.4,24.4,57.96666666666667,38.2,11.306666666666668,9.414444444444449,5.879999999999999,0,2,0,0.0,0.0,0.0,0.0,봄,1,0,0.056,낮음
서울,2020,5,27.5,16.519354838709678,8.1,114.5,72.80645161290323,28.8,9.787096774193548,16.337634408602156,25.509677419354837,0,10,1,0.0,2883.0,0.0,0.0,봄,1,0,0.644,보통
서울,2020,6,34.2,22.216666666666665,12.2,139.8,73.63333333333334,32.1,9.153333333333334,22.1988888888889,20.753333333333337,1,10,0,0.0,0.0,0.0,0.0,여름,2,0,0.135,낮음
서울,2020,7,30.5,22.648387096774194,16.7,330.5,82.6774193548387,38.5,6.716129032258064,22.546236559139793,79.62903225806451,0,20,0,0.0,0.0,0.0,0.0,여름,2,0,0.184,낮음
서울,2020,8,32.2,25.361290322580647,20.9,548.0,88.74193548387096,39.3,5.245161290322581,25.287096774193557,126.1741935483871,0,21,0,0.0,0.0,0.0,0.0,여름,2,0,0.073,낮음
서울,2020,9,28.0,19.566666666666663,10.9,215.6,79.13333333333334,39.3,7.31,19.85111111111112,54.7,0,13,0,0.0,0.0,0.0,0.0,가을,3,0,0.082,낮음
서울,2020,10,22.5,12.574193548387097,2.3,11.7,68.19354838709677,29.3,10.112903225806452,12.795698924731193,2.545161290322581,0,3,1,0.0,114.0,0.0,0.0,가을,3,0,0.535,보통
서울,2020,11,19.1,6.236666666666666,-5.3,66.1,69.56666666666666,32.3,9.376666666666669,6.658888888888898,15.703333333333331,0,6,0,0.0,0.0,0.0,0.0,가을,3,0,0.19,낮음
서울,2020,12,9.2,-2.167741935483871,-13.2,2.6999999999999997,60.58064516129032,26.3,8.364516129032259,-1.9161290322580555,0.6096774193548343,0,1,0,0.0,0.0,0.0,0.0,겨울,4,0,0.08,낮음
서울,2021,1,11.1,-3.870967741935484,-18.8,16.7,54.70967741935484,38.4,9.274193548387096,-4.180645161290314,3.490322580645155,0,3,0,0.0,0.0,1265.0,3.0,겨울,4,0,0.046,낮음
서울,2021,2,16.0,0.4821428571428571,-11.1,11.6,61.857142857142854,33.4,11.167857142857144,0.2750000000000082,3.2107142857142814,0,4,0,0.0,0.0,1265.0,3.0,겨울,4,0,0.014,낮음
서울,2021,3,19.2,6.72258064516129,-4.7,94.7,71.93548387096774,31.0,11.09032258064516,6.592473118279578,19.103225806451608,0,5,0,0.0,0.0,1265.0,3.0,봄,1,0,0.074,낮음
서울,2021,4,24.6,11.94,1.9,91.0,64.56666666666666,26.7,10.513333333333332,11.8688888888889,19.84333333333333,0,9,0,0.0,0.0,1265.0,3.0,봄,1,0,0.053,낮음
서울,2021,5,27.5,15.229032258064516,5.8,215.5,77.06451612903226,31.1,9.619354838709675,15.030107526881729,46.08387096774193,0,18,0,0.0,0.0,1265.0,3.0,봄,1,0,0.103,낮음
서울,2021,6,29.3,21.053333333333335,12.1,78.2,81.6,31.4,7.8066666666666675,20.88555555555557,22.533333333333335,0,10,1,0.0,3316.0,1265.0,3.0,여름,2,0,0.733,높음
서울,2021,7,35.0,26.44193548387097,18.9,130.0,78.74193548387096,28.4,7.496774193548387,26.264516129032263,30.638709677419357,7,15,1,0.0,23.0,1265.0,3.0,여름,2,0,0.965,높음
서울,2021,8,31.5,24.74516129032258,18.5,284.6,78.6774193548387,41.3,6.9,24.981720430107536,49.303225806451614,0,17,1,0.0,610.0,1265.0,3.0,여름,2,0,0.928,높음
서울,2021,9,28.4,21.113333333333333,14.4,176.8,78.33333333333333,27.1,7.586666666666667,21.172222222222228,52.99333333333333,0,8,0,0.0,0.0,1265.0,3.0,가을,3,0,0.056,낮음
서울,2021,10,26.7,14.006451612903223,0.4,67.7,77.0,28.7,8.606451612903227,14.255913978494632,19.21290322580645,0,14,0,0.0,0.0,1265.0,3.0,가을,3,0,0.024,낮음
서울,2021,11,19.1,6.159999999999999,-4.7,59.5,75.93333333333334,28.4,9.77,6.405555555555563,9.483333333333327,0,7,0,0.0,0.0,1265.0,3.0,가을,3,0,0.154,낮음
서울,2021,12,10.6,-1.2580645161290325,-15.5,11.1,66.19354838709677,31.6,9.26774193548387,-0.9129032258064448,7.00322580645161,0,3,0,0.0,0.0,1265.0,3.0,겨울,4,0,0.014,낮음
서울,2022,1,7.5,-3.4741935483870967,-10.6,5.6,54.32258064516129,30.4,8.780645161290321,-3.5774193548387023,1.2774193548387056,0,1,0,0.0,0.0,1362.0,3.0,겨울,4,0,0.066,낮음
서울,2022,2,9.2,-2.5714285714285716,-10.4,3.7,56.142857142857146,33.0,9.407142857142857,-2.7797619047618976,0.9678571428571396,0,2,1,0.0,332.0,1362.0,3.0,겨울,4,0,0.671,보통
서울,2022,3,19.0,5.219354838709678,-5.7,81.1,69.90322580645162,32.1,11.461290322580645,5.026881720430115,16.629032258064512,0,10,0,0.0,0.0,1362.0,3.0,봄,1,0,0.062,낮음
서울,2022,4,27.0,12.03,-0.4,29.4,65.3,29.8,11.626666666666669,11.925555555555563,5.5333333333333306,0,4,0,0.0,0.0,1362.0,3.0,봄,1,0,0.031,낮음
서울,2022,5,28.4,17.029032258064515,4.7,17.900000000000002,60.516129032258064,30.1,11.964516129032257,16.79354838709678,6.6258064516129,0,3,0,0.0,0.0,1362.0,3.0,봄,1,0,0.02,낮음
서울,2022,6,33.0,21.876666666666665,12.3,334.3,75.33333333333333,37.0,8.753333333333332,21.72000000000001,42.733333333333334,1,17,0,0.0,0.0,1362.0,3.0,여름,2,0,0.02,낮음
서울,2022,7,33.5,25.62258064516129,19.7,220.8,83.51612903225806,26.7,6.674193548387097,25.509677419354844,76.8741935483871,1,19,2,0.0,2010.0,1362.0,3.0,여름,2,0,1.71,매우높음
서울,2022,8,31.6,24.048387096774192,13.2,464.1,85.74193548387096,38.1,5.9709677419354845,24.29139784946237,105.2258064516129,0,24,0,0.0,0.0,1362.0,3.0,여름,2,0,0.122,낮음
서울,2022,9,31.4,20.37,10.2,245.9,76.4,32.1,9.236666666666668,20.446666666666673,64.84333333333333,0,8,0,0.0,0.0,1362.0,3.0,가을,3,0,0.065,낮음
서울,2022,10,24.9,12.316129032258065,2.9,195.3,75.90322580645162,28.2,9.206451612903225,12.476344086021513,44.099999999999994,0,6,0,0.0,0.0,1362.0,3.0,가을,3,0,0.0,낮음
서울,2022,11,22.2,7.79,-8.9,59.400000000000006,72.2,27.9,10.746666666666666,8.285555555555563,9.943333333333332,0,6,0,0.0,0.0,1362.0,3.0,가을,3,0,0.0,낮음
서울,2022,12,7.8,-4.648387096774194,-17.5,11.3,56.38709677419355,29.6,8.490322580645161,-4.622580645161283,6.32258064516129,0,4,0,0.0,0.0,1362.0,3.0,겨울,4,0,0.153,낮음
서울,2023,1,11.1,-3.5,-18.5,36.3,60.32258064516129,29.8,9.651612903225804,-3.569892473118272,8.09032258064516,0,6,0,0.0,0.0,1456.0,3.0,겨울,4,0,0.358,보통
서울,2023,2,9.4,0.0678571428571428,-7.0,2.6,64.17857142857143,26.2,10.19285714285714,-0.028571428571421,0.7892857142857144,0,1,0,0.0,0.0,1456.0,3.0,겨울,4,0,0.078,낮음
서울,2023,3,22.0,7.17741935483871,-4.8,18.1,60.83870967741935,30.9,12.80967741935484,6.846236559139792,4.087096774193548,0,3,0,0.0,0.0,1456.0,3.0,봄,1,0,0.078,낮음
서울,2023,4,26.5,11.92,0.7,103.7,63.766666666666666,38.2,11.083333333333334,11.921111111111118,21.483333333333334,0,10,0,0.0,0.0,1456.0,3.0,봄,1,0,0.0,낮음
서울,2023,5,27.9,17.274193548387096,5.5,166.8,70.83870967741936,29.4,10.71935483870968,16.991397849462373,34.061290322580646,0,7,0,0.0,0.0,1456.0,3.0,봄,1,0,0.164,낮음
서울,2023,6,33.9,21.416666666666668,14.1,220.3,80.36666666666666,26.6,8.246666666666666,21.31444444444445,44.54666666666667,1,14,0,0.0,0.0,1456.0,3.0,여름,2,0,0.601,보통
서울,2023,7,33.0,25.103225806451615,19.7,417.9,86.45161290322581,28.8,6.66774193548387,24.986021505376353,105.78709677419356,1,19,0,0.0,0.0,1456.0,3.0,여름,2,0,0.943,높음
서울,2023,8,33.7,25.629032258064516,19.5,311.0,83.93548387096774,25.7,6.748387096774194,25.781720430107537,64.06129032258065,1,17,0,0.0,0.0,1456.0,3.0,여름,2,0,1.291,매우높음
서울,2023,9,30.5,21.953333333333333,12.4,144.9,81.76666666666667,19.9,7.35,22.07666666666667,39.46666666666667,0,13,0,0.0,0.0,1456.0,3.0,가을,3,0,0.352,보통
서울,2023,10,22.0,13.66451612903226,4.0,25.0,76.35483870967742,24.7,9.583870967741936,13.884946236559149,7.493548387096775,0,5,0,0.0,0.0,1456.0,3.0,가을,3,0,0.371,보통
서울,2023,11,23.0,4.930000000000001,-7.7,104.3,72.13333333333334,38.6,8.716666666666667,5.480000000000007,24.253333333333337,0,8,0,0.0,0.0,1456.0,3.0,가을,3,0,0.0,낮음
서울,2023,12,15.6,-0.403225806451613,-14.9,81.2,68.54838709677419,30.3,8.54516129032258,-0.5677419354838646,16.43548387096774,0,6,0,0.0,0.0,1456.0,3.0,겨울,4,0,0.07,낮음
서울,2024,1,9.8,-2.296774193548387,-15.0,17.3,65.48387096774194,23.8,8.69032258064516,-2.3032258064516062,6.170967741935484,0,4,0,0.0,0.0,1411.0,0.0,겨울,4,0,0.094,낮음
서울,2024,2,16.3,1.806896551724138,-7.1,64.2,76.58620689655173,25.6,9.224137931034482,1.7275862068965588,15.258620689655173,0,10,0,0.0,0.0,1411.0,0.0,겨울,4,0,0.062,낮음
서울,2024,3,19.2,4.65483870967742,-8.3,51.1,66.0,33.6,11.1,4.53333333333334,10.264516129032256,0,9,0,0.0,0.0,1411.0,0.0,봄,1,0,0.072,낮음
서울,2024,4,28.0,13.796666666666663,2.8,40.1,65.66666666666667,24.5,12.073333333333332,13.47222222222223,10.903333333333334,0,4,0,0.0,0.0,1411.0,0.0,봄,1,0,0.207,낮음
서울,2024,5,27.8,16.56451612903226,5.9,127.1,71.74193548387096,35.7,10.667741935483871,16.498924731182804,28.41290322580645,0,8,0,0.0,0.0,1411.0,0.0,봄,1,0,0.199,낮음
서울,2024,6,35.6,22.853333333333335,12.2,109.9,66.6,30.8,11.536666666666669,22.685555555555563,19.236666666666668,2,8,0,0.0,0.0,1411.0,0.0,여름,2,0,0.079,낮음
서울,2024,7,32.8,25.251612903225805,19.2,522.2,86.7741935483871,37.5,6.148387096774194,25.139784946236567,120.69032258064516,0,24,0,0.0,0.0,1411.0,0.0,여름,2,0,0.777,높음
서울,2024,8,34.0,27.270967741935483,19.4,181.6,83.45161290322581,28.3,7.193548387096774,27.33763440860216,44.56451612903226,1,15,0,0.0,0.0,1411.0,0.0,여름,2,0,0.828,높음
서울,2024,9,32.7,23.53666666666667,13.7,210.0,80.33333333333333,26.4,7.48,23.685555555555563,48.88666666666668,0,14,0,0.0,0.0,1411.0,0.0,가을,3,0,0.344,보통
서울,2024,10,23.1,14.567741935483872,4.6,75.5,77.83870967741936,28.2,9.325806451612904,14.81827956989248,17.270967741935497,0,5,0,0.0,0.0,1411.0,0.0,가을,3,0,0.119,낮음
서울,2024,11,22.5,7.53,-7.8,42.2,72.06666666666666,21.9,9.223333333333333,7.991111111111119,7.28666666666668,0,6,1,0.0,53.0,1411.0,0.0,가을,3,0,0.08,낮음
서울,2024,12,12.4,-1.1290322580645162,-9.4,2.7,61.0,21.7,7.225806451612903,-1.1720430107526811,3.0612903225806547,0,0,0,0.0,0.0,1411.0,0.0,겨울,4,0,0.059,낮음
부산,2020,1,16.8,4.529032258064516,-4.9,126.4,65.51612903225806,46.9,8.1,4.3784946236559135,24.119354838709675,0,7,0,0.0,0.0,0.0,0.0,겨울,4,1,0.038,낮음
부산,2020,2,15.2,5.193103448275862,-6.6,109.3,66.55172413793103,34.1,9.182758620689656,5.10919540229885,26.903448275862072,0,8,0,0.0,0.0,0.0,0.0,겨울,4,1,0.047,낮음
부산,2020,3,18.1,8.951612903225806,-1.5,60.2,66.54838709677419,37.8,8.63225806451613,8.831182795698924,15.770967741935484,0,5,0,0.0,0.0,0.0,0.0,봄,1,1,0.0,낮음
부산,2020,4,20.2,11.28,2.8,86.00000000000001,64.36666666666666,34.6,8.83,11.137777777777778,21.873333333333335,0,5,0,0.0,0.0,0.0,0.0,봄,1,1,0.03,낮음
부산,2020,5,25.2,17.041935483870965,10.4,96.3,79.25806451612904,31.5,6.65483870967742,16.922580645161286,21.345161290322583,0,7,0,0.0,0.0,0.0,0.0,봄,1,1,0.087,낮음
부산,2020,6,27.7,21.616666666666667,13.7,329.6,81.73333333333333,40.1,6.156666666666666,21.491111111111103,63.82333333333333,0,11,1,0.0,0.0,0.0,0.0,여름,2,1,0.77,높음
부산,2020,7,27.5,22.24516129032258,17.4,567.5,90.2258064516129,35.2,3.6774193548387095,22.164516129032258,130.1741935483871,0,21,0,0.0,0.0,0.0,0.0,여름,2,1,0.04,낮음
부산,2020,8,32.0,26.63225806451613,23.4,222.8,89.29032258064517,44.0,4.096774193548388,26.59784946236559,55.99032258064517,0,13,0,0.0,0.0,0.0,0.0,여름,2,1,0.057,낮음
부산,2020,9,28.6,21.233333333333334,13.1,230.6,80.36666666666666,89.5,5.46,21.475555555555555,59.29,0,13,1,0.0,9.0,0.0,0.0,가을,3,1,0.959,높음
부산,2020,10,24.0,15.66451612903226,6.3,29.3,67.87096774193549,38.5,8.17741935483871,15.848387096774193,6.670967741935484,0,4,0,0.0,0.0,0.0,0.0,가을,3,1,0.039,낮음
부산,2020,11,20.8,10.25,-0.1,44.9,64.0,36.4,8.6,10.568888888888884,10.476666666666668,0,4,0,0.0,0.0,0.0,0.0,가을,3,1,0.018,낮음
부산,2020,12,13.1,2.1548387096774193,-8.9,12.5,54.32258064516129,36.0,9.193548387096774,2.39354838709677,1.2967741935483872,0,3,0,0.0,0.0,0.0,0.0,겨울,4,1,0.009,낮음
부산,2021,1,14.2,1.5935483870967742,-12.3,30.9,57.87096774193548,35.3,9.019354838709678,1.3602150537634377,7.983870967741937,0,4,0,0.0,0.0,589.0,2.0,겨울,4,1,0.0,낮음
부산,2021,2,17.5,5.553571428571429,-6.8,46.6,61.035714285714285,36.8,9.114285714285714,5.349999999999997,10.69285714285714,0,5,0,0.0,0.0,589.0,2.0,겨울,4,1,0.007,낮음
부산,2021,3,19.5,10.12258064516129,0.1,154.4,72.09677419354838,42.9,8.429032258064517,10.023655913978493,31.280645161290323,0,9,0,0.0,0.0,589.0,2.0,봄,1,1,0.008,낮음
부산,2021,4,22.2,13.326666666666666,4.5,93.3,67.33333333333333,37.7,8.34,13.18111111111111,26.51,0,5,0,0.0,0.0,589.0,2.0,봄,1,1,0.0,낮음
부산,2021,5,24.6,16.980645161290322,7.4,170.5,75.64516129032258,43.3,7.032258064516129,16.909677419354836,37.96774193548387,0,12,0,0.0,0.0,589.0,2.0,봄,1,1,0.045,낮음
부산,2021,6,28.5,21.246666666666663,15.6,135.9,83.03333333333333,34.7,5.263333333333334,21.11,32.52,0,9,0,0.0,0.0,589.0,2.0,여름,2,1,0.132,낮음
부산,2021,7,30.1,25.638709677419353,20.0,232.1,86.80645161290323,40.5,4.32258064516129,25.504301075268817,52.358064516129026,0,15,1,0.0,0.0,589.0,2.0,여름,2,1,0.89,높음
부산,2021,8,32.7,25.574193548387097,20.4,346.9,86.16129032258064,51.0,4.474193548387097,25.63225806451613,75.85161290322581,0,24,1,0.0,3053.0,589.0,2.0,여름,2,1,0.918,높음
부산,2021,9,27.4,22.46333333333333,17.3,212.8,82.0,39.0,4.763333333333334,22.56222222222222,43.76,0,15,0,0.0,0.0,589.0,2.0,가을,3,1,0.055,낮음
부산,2021,10,26.1,17.103225806451615,4.2,30.0,76.35483870967742,36.1,7.83225806451613,17.36559139784946,15.138709677419351,0,3,0,0.0,0.0,589.0,2.0,가을,3,1,0.0,낮음
부산,2021,11,20.1,10.373333333333331,1.5,49.599999999999994,67.5,33.3,9.3,10.541111111111112,4.6133333333333315,0,2,0,0.0,0.0,589.0,2.0,가을,3,1,0.0,낮음
부산,2021,12,14.8,3.732258064516129,-8.9,2.6,60.806451612903224,32.8,9.429032258064517,4.044086021505376,7.322580645161289,0,1,0,0.0,0.0,589.0,2.0,겨울,4,1,0.001,낮음
부산,2022,1,11.5,1.7548387096774194,-7.0,1.2,46.806451612903224,32.1,9.86451612903226,1.6731182795698925,0.2709677419354839,0,1,0,0.0,0.0,504.0,2.0,겨울,4,1,0.045,낮음
부산,2022,2,12.4,2.15,-7.9,4.1,43.964285714285715,29.3,9.671428571428573,1.9916666666666671,1.025,0,1,0,0.0,0.0,504.0,2.0,겨울,4,1,0.031,낮음
부산,2022,3,17.9,9.17741935483871,-2.0,99.0,68.74193548387096,44.3,8.929032258064517,9.008602150537635,20.4,0,10,0,0.0,0.0,504.0,2.0,봄,1,1,0.0,낮음
부산,2022,4,23.4,13.68,3.3,124.1,69.43333333333334,36.9,8.593333333333334,13.66,21.59333333333333,0,5,0,0.0,0.0,504.0,2.0,봄,1,1,0.0,낮음
부산,2022,5,28.0,18.200000000000003,7.2,14.9,65.12903225806451,30.4,8.448387096774193,17.918279569892473,12.00967741935484,0,3,0,0.0,0.0,504.0,2.0,봄,1,1,0.043,낮음
부산,2022,6,28.0,21.256666666666668,13.1,157.9,83.53333333333333,38.5,5.296666666666667,21.122222222222224,31.75,0,10,1,0.0,2772.0,504.0,2.0,여름,2,1,0.694,보통
부산,2022,7,31.1,25.90967741935484,21.3,170.4,84.87096774193549,31.4,5.035483870967742,25.84731182795699,39.829032258064515,0,14,0,0.0,0.0,504.0,2.0,여름,2,1,0.143,낮음
부산,2022,8,31.4,26.009677419354837,19.0,190.7,83.54838709677419,36.8,4.990322580645162,26.12688172043011,41.78709677419355,0,18,1,0.0,0.0,504.0,2.0,여름,2,1,0.942,높음
부산,2022,9,29.8,22.06,13.8,221.5,77.43333333333334,75.4,6.293333333333334,22.17555555555556,56.983333333333334,0,9,0,0.0,0.0,504.0,2.0,가을,3,1,0.284,낮음
부산,2022,10,27.2,16.05483870967742,6.1,15.2,68.58064516129032,33.9,8.125806451612904,16.23010752688172,3.541935483870968,0,5,0,0.0,0.0,504.0,2.0,가을,3,1,0.045,낮음
부산,2022,11,21.2,12.026666666666667,-2.7,28.5,64.33333333333333,42.6,9.976666666666668,12.31777777777778,4.816666666666666,0,5,0,0.0,0.0,504.0,2.0,가을,3,1,0.0,낮음
부산,2022,12,12.8,1.2419354838709675,-9.2,17.9,53.064516129032256,38.7,8.516129032258064,1.4064516129032285,5.864516129032259,0,2,0,0.0,0.0,504.0,2.0,겨울,4,1,0.0,낮음
부산,2023,1,15.2,1.6709677419354838,-12.8,62.5,57.41935483870968,44.6,9.50967741935484,1.6494623655914002,14.106451612903228,0,4,0,0.0,0.0,519.0,2.0,겨울,4,1,0.082,낮음
부산,2023,2,13.6,4.925,-4.2,38.6,62.285714285714285,29.6,9.639285714285714,4.7166666666666694,9.596428571428572,0,7,0,0.0,0.0,519.0,2.0,겨울,4,1,0.068,낮음
부산,2023,3,22.6,10.651612903225804,-1.4,73.1,68.96774193548387,31.4,9.558064516129033,10.415053763440865,16.503225806451614,0,7,0,0.0,0.0,519.0,2.0,봄,1,1,0.0,낮음
부산,2023,4,23.8,13.663333333333332,2.8,96.7,71.23333333333333,41.9,7.863333333333333,13.641111111111115,19.08,0,8,0,0.0,0.0,519.0,2.0,봄,1,1,0.0,낮음
부산,2023,5,24.0,17.04516129032258,7.8,258.7,81.38709677419355,44.3,7.16774193548387,16.921505376344086,49.59032258064517,0,12,0,0.0,0.0,519.0,2.0,봄,1,1,0.362,보통
부산,2023,6,28.6,21.540000000000003,15.2,314.5,84.86666666666666,28.9,5.760000000000001,21.38111111111111,68.11666666666666,0,14,0,0.0,0.0,519.0,2.0,여름,2,1,0.363,보통
부산,2023,7,31.6,24.94193548387097,20.0,372.8,90.58064516129032,37.2,4.767741935483872,24.803225806451614,101.44193548387098,0,20,0,0.0,0.0,519.0,2.0,여름,2,1,0.375,보통
부산,2023,8,34.0,26.98064516129032,22.2,273.8,83.35483870967742,59.1,5.229032258064516,27.045161290322586,53.98709677419356,2,12,0,0.0,0.0,519.0,2.0,여름,2,1,0.55,보통
부산,2023,9,29.3,23.493333333333332,16.5,239.8,83.16666666666667,33.1,5.913333333333332,23.683333333333337,62.84333333333335,0,14,0,0.0,0.0,519.0,2.0,가을,3,1,0.118,낮음
부산,2023,10,23.8,16.296774193548387,6.8,6.5,69.0,27.9,9.316129032258065,16.483870967741936,2.7290322580645294,0,2,0,0.0,0.0,519.0,2.0,가을,3,1,0.049,낮음
부산,2023,11,23.0,9.566666666666666,-3.8,57.400000000000006,66.9,47.1,9.613333333333332,9.976666666666668,13.393333333333343,0,4,0,0.0,0.0,519.0,2.0,가을,3,1,0.0,낮음
부산,2023,12,18.8,4.4,-8.1,88.3,64.74193548387096,33.2,9.193548387096774,4.287096774193552,19.467741935483883,0,7,0,0.0,0.0,519.0,2.0,겨울,4,1,0.107,낮음
부산,2024,1,12.6,2.738709677419355,-8.9,52.8,65.2258064516129,37.0,8.80967741935484,2.743010752688175,12.277419354838724,0,5,0,0.0,0.0,589.0,0.0,겨울,4,1,0.0,낮음
부산,2024,2,19.7,6.096551724137932,-2.2,119.0,75.06896551724138,35.8,7.30344827586207,6.093103448275865,26.348275862068977,0,13,0,0.0,0.0,589.0,0.0,겨울,4,1,0.074,낮음
부산,2024,3,19.4,7.938709677419355,-6.0,110.3,67.35483870967742,45.8,9.006451612903225,7.755913978494626,22.203225806451627,0,10,0,0.0,0.0,589.0,0.0,봄,1,1,0.0,낮음
부산,2024,4,22.0,14.17,5.8,134.4,79.9,30.7,8.353333333333333,14.033333333333337,31.216666666666686,0,8,0,0.0,0.0,589.0,0.0,봄,1,1,0.142,낮음
부산,2024,5,27.4,17.13225806451613,7.3,96.9,76.06451612903226,38.2,8.72258064516129,17.005376344086024,26.31612903225809,0,8,0,0.0,0.0,589.0,0.0,봄,1,1,0.039,낮음
부산,2024,6,29.5,21.75,12.9,233.0,80.73333333333333,40.6,6.8566666666666665,21.620000000000005,30.960000000000026,0,8,0,0.0,0.0,589.0,0.0,여름,2,1,0.515,보통
부산,2024,7,32.0,25.429032258064513,20.6,202.5,91.06451612903226,39.6,4.403225806451613,25.265591397849462,68.75483870967744,0,16,0,0.0,0.0,589.0,0.0,여름,2,1,0.222,낮음
부산,2024,8,32.8,27.641935483870967,22.6,101.1,83.19354838709677,37.0,5.758064516129032,27.700000000000003,21.86129032258066,0,15,0,0.0,0.0,589.0,0.0,여름,2,1,0.466,보통
부산,2024,9,31.9,25.35,17.8,243.3,81.63333333333334,30.0,5.89,25.493333333333336,57.94333333333335,0,9,0,0.0,0.0,589.0,0.0,가을,3,1,0.283,낮음
부산,2024,10,27.0,18.396774193548385,8.2,312.8,76.74193548387096,38.1,7.006451612903225,18.575268817204304,70.52258064516131,0,11,0,0.0,0.0,589.0,0.0,가을,3,1,0.235,낮음
부산,2024,11,21.6,11.733333333333333,1.9,104.0,70.53333333333333,32.4,7.7,12.06888888888889,22.723333333333336,0,3,0,0.0,0.0,589.0,0.0,가을,3,1,0.13,낮음
부산,2024,12,16.2,3.4064516129032256,-4.3,0.0,57.83870967741935,27.4,7.838709677419355,3.4688172043010774,1.8032258064516131,0,0,0,0.0,0.0,589.0,0.0,겨울,4,1,0.036,낮음
대구,2020,1,15.1,2.729032258064516,-6.2,89.4,69.38709677419355,28.7,8.741935483870968,2.5876344086021508,17.583870967741937,0,7,1,0.0,910.0,0.0,0.0,겨울,4,2,0.484,보통
대구,2020,2,16.9,3.737931034482759,-8.5,48.2,66.03448275862068,31.8,9.93103448275862,3.682758620689655,11.77241379310345,0,4,0,0.0,0.0,0.0,0.0,겨울,4,2,0.096,낮음
대구,2020,3,23.4,8.209677419354838,-3.4,31.9,62.29032258064516,33.4,12.21935483870968,8.001075268817203,8.806451612903226,0,4,0,0.0,0.0,0.0,0.0,봄,1,2,0.005,낮음
대구,2020,4,26.4,11.776666666666667,0.2,34.4,50.3,32.4,12.933333333333334,11.573333333333332,8.890000000000002,0,4,1,0.0,4004.0,0.0,0.0,봄,1,2,0.554,보통
대구,2020,5,30.3,18.783870967741933,8.2,103.1,66.90322580645162,25.6,12.029032258064516,18.63978494623656,23.219354838709677,0,7,0,0.0,0.0,0.0,0.0,봄,1,2,0.033,낮음
대구,2020,6,36.9,24.063333333333333,14.6,207.5,69.36666666666666,36.5,10.846666666666666,24.038888888888888,39.24666666666667,3,12,0,0.0,0.0,0.0,0.0,여름,2,2,0.045,낮음
대구,2020,7,31.2,22.848387096774193,16.0,416.9,87.64516129032258,40.2,6.37741935483871,22.76021505376344,96.31290322580648,0,25,0,0.0,0.0,0.0,0.0,여름,2,2,0.0,낮음
대구,2020,8,34.0,27.241935483870968,22.4,322.6,85.87096774193549,33.5,6.667741935483871,27.240860215053765,71.72580645161291,6,18,0,0.0,0.0,0.0,0.0,여름,2,2,0.024,낮음
대구,2020,9,28.5,20.47,10.9,227.4,82.66666666666667,52.2,7.69,20.72111111111111,61.08333333333334,0,13,0,0.0,0.0,0.0,0.0,가을,3,2,0.097,낮음
대구,2020,10,25.2,14.516129032258064,4.1,17.099999999999998,67.87096774193549,26.0,10.02258064516129,14.709677419354836,4.012903225806463,0,3,0,0.0,0.0,0.0,0.0,가을,3,2,0.078,낮음
대구,2020,11,22.3,9.036666666666664,-2.8,21.9,63.46666666666667,27.8,10.016666666666667,9.38,5.11000000000001,0,4,0,0.0,0.0,0.0,0.0,가을,3,2,0.033,낮음
대구,2020,12,11.5,0.6677419354838711,-10.5,4.2,56.354838709677416,30.3,9.75483870967742,0.917204301075267,0.4645161290322635,0,2,0,0.0,0.0,0.0,0.0,겨울,4,2,0.034,낮음
대구,2021,1,14.7,-0.4,-15.2,16.5,58.096774193548384,36.1,9.674193548387098,-0.6709677419354863,3.890322580645175,0,4,0,0.0,0.0,331.0,2.0,겨울,4,2,0.022,낮음
대구,2021,2,23.5,4.121428571428572,-8.4,23.4,55.892857142857146,36.4,11.582142857142856,3.9749999999999983,5.142857142857155,0,4,0,0.0,0.0,331.0,2.0,겨울,4,2,0.0,낮음
대구,2021,3,24.1,9.474193548387095,-3.3,98.7,66.12903225806451,30.3,11.529032258064516,9.273118279569893,21.60645161290324,0,8,0,0.0,0.0,331.0,2.0,봄,1,2,0.0,낮음
대구,2021,4,29.4,13.786666666666669,2.3,62.7,56.166666666666664,28.6,12.22,13.664444444444444,15.780000000000014,0,6,0,0.0,0.0,331.0,2.0,봄,1,2,0.0,낮음
대구,2021,5,30.8,17.938709677419357,6.7,140.0,65.38709677419355,32.1,11.358064516129032,17.80430107526881,30.400000000000013,0,13,0,0.0,0.0,331.0,2.0,봄,1,2,0.001,낮음
대구,2021,6,34.1,22.92,12.8,153.3,73.76666666666667,24.9,10.123333333333331,22.822222222222216,35.41333333333335,2,14,0,0.0,0.0,331.0,2.0,여름,2,2,0.049,낮음
대구,2021,7,36.6,26.47741935483871,19.5,329.4,81.83870967741936,22.8,7.812903225806452,26.307526881720424,75.50322580645162,2,21,1,0.0,272.0,331.0,2.0,여름,2,2,0.759,높음
대구,2021,8,35.5,25.148387096774194,19.4,331.0,85.64516129032258,26.5,6.919354838709677,25.31827956989247,71.95161290322581,4,23,0,0.0,0.0,331.0,2.0,여름,2,2,0.068,낮음
대구,2021,9,29.4,21.636666666666667,14.0,120.6,82.53333333333333,26.5,7.260000000000001,21.687777777777775,25.066666666666663,0,12,0,0.0,0.0,331.0,2.0,가을,3,2,0.0,낮음
대구,2021,10,29.5,16.04193548387097,1.6,58.8,76.58064516129032,21.4,9.748387096774191,16.331182795698922,20.003225806451617,0,6,0,0.0,0.0,331.0,2.0,가을,3,2,0.047,낮음
대구,2021,11,19.4,8.82,-2.0,51.9,70.66666666666667,31.1,10.473333333333333,9.043333333333328,7.23,0,2,0,0.0,0.0,331.0,2.0,가을,3,2,0.034,낮음
대구,2021,12,14.2,2.1225806451612903,-11.9,1.4,62.54838709677419,34.2,10.083870967741936,2.4118279569892422,5.038709677419354,0,1,0,0.0,0.0,331.0,2.0,겨울,4,2,0.037,낮음
대구,2022,1,11.8,-0.067741935483871,-9.0,1.7,51.03225806451613,30.0,9.806451612903226,-0.1344086021505428,0.3838709677419355,0,0,0,0.0,0.0,302.0,1.0,겨울,4,2,0.03,낮음
대구,2022,2,14.4,0.5821428571428572,-8.9,1.0,46.75,32.8,10.514285714285714,0.3488095238095189,0.125,0,0,0,0.0,0.0,302.0,1.0,겨울,4,2,0.067,낮음
대구,2022,3,22.4,8.741935483870968,-3.0,62.4,61.58064516129032,31.2,12.464516129032258,8.569892473118275,13.206451612903225,0,9,0,0.0,0.0,302.0,1.0,봄,1,2,0.029,낮음
대구,2022,4,30.1,15.023333333333332,1.9,66.7,54.8,26.5,13.47,14.987777777777774,11.58,0,4,0,0.0,0.0,302.0,1.0,봄,1,2,0.033,낮음
대구,2022,5,33.9,20.02258064516129,6.2,8.0,49.83870967741935,32.4,13.89032258064516,19.6516129032258,6.564516129032258,1,2,0,0.0,0.0,302.0,1.0,봄,1,2,0.091,낮음
대구,2022,6,37.3,23.496666666666663,12.1,136.4,71.9,28.5,10.526666666666667,23.369999999999997,27.006666666666668,5,16,0,0.0,0.0,302.0,1.0,여름,2,2,0.006,낮음
대구,2022,7,37.4,27.14516129032258,20.9,199.6,78.2258064516129,25.6,8.851612903225806,27.178494623655908,44.88387096774194,10,19,0,0.0,0.0,302.0,1.0,여름,2,2,0.031,낮음
대구,2022,8,36.0,26.225806451612904,15.5,192.0,81.3225806451613,22.7,7.896774193548388,26.388172043010748,45.974193548387106,7,18,0,0.0,0.0,302.0,1.0,여름,2,2,0.116,낮음
대구,2022,9,32.1,21.39333333333333,12.2,167.2,77.36666666666666,36.7,8.919999999999998,21.397777777777772,41.41000000000001,0,9,0,0.0,0.0,302.0,1.0,가을,3,2,0.0,낮음
대구,2022,10,29.4,14.97741935483871,3.6,33.199999999999996,69.45161290322581,28.7,10.28064516129032,15.247311827956985,7.390322580645172,0,4,0,0.0,0.0,302.0,1.0,가을,3,2,0.091,낮음
대구,2022,11,24.6,10.75,-5.8,33.3,62.53333333333333,25.3,11.59,11.091111111111108,4.036666666666677,0,5,0,0.0,0.0,302.0,1.0,가을,3,2,0.012,낮음
대구,2022,12,11.2,-0.7838709677419355,-10.8,8.0,56.193548387096776,34.6,9.287096774193548,-0.6741935483871001,5.532258064516139,0,2,0,0.0,0.0,302.0,1.0,겨울,4,2,0.0,낮음
대구,2023,1,17.0,0.2225806451612903,-14.4,34.1,56.67741935483871,34.7,10.0,0.1924731182795671,7.664516129032268,0,3,0,0.0,0.0,293.0,0.0,겨울,4,2,0.075,낮음
대구,2023,2,16.7,3.5107142857142857,-6.8,18.7,58.82142857142857,29.0,11.153571428571428,3.276190476190474,4.692857142857155,0,2,0,0.0,0.0,293.0,0.0,겨울,4,2,0.035,낮음
대구,2023,3,25.0,11.13548387096774,-3.3,53.49999999999999,52.0,29.3,13.741935483870968,10.8505376344086,12.07741935483872,0,4,0,0.0,0.0,293.0,0.0,봄,1,2,0.24,낮음
대구,2023,4,28.6,13.986666666666668,2.0,54.2,62.1,33.7,12.1,13.987777777777776,11.483333333333348,0,8,0,0.0,0.0,293.0,0.0,봄,1,2,0.027,낮음
대구,2023,5,35.0,18.77741935483871,4.5,127.9,67.96774193548387,26.4,11.5,18.64838709677419,23.88387096774195,1,8,0,0.0,0.0,293.0,0.0,봄,1,2,0.059,낮음
대구,2023,6,35.9,23.790000000000003,13.4,187.6,71.2,22.7,11.146666666666668,23.619999999999997,38.58666666666668,3,16,0,0.0,0.0,293.0,0.0,여름,2,2,0.134,낮음
대구,2023,7,35.0,26.219354838709677,17.9,390.5,85.80645161290323,25.8,7.574193548387096,26.08924731182796,98.58064516129032,4,21,1,0.0,444.0,293.0,0.0,여름,2,2,0.03,낮음
대구,2023,8,37.2,27.103225806451615,21.0,299.5,82.2258064516129,38.4,8.206451612903225,27.236559139784944,60.64838709677421,12,18,0,0.0,0.0,293.0,0.0,여름,2,2,0.189,낮음
대구,2023,9,30.8,23.003333333333337,15.1,215.5,84.16666666666667,21.3,7.603333333333333,23.161111111111108,55.50666666666668,0,17,0,0.0,0.0,293.0,0.0,가을,3,2,0.016,낮음
대구,2023,10,23.2,15.48709677419355,4.2,8.9,69.6774193548387,30.4,10.651612903225804,15.64086021505376,4.570967741935497,0,2,0,0.0,0.0,293.0,0.0,가을,3,2,0.127,낮음
대구,2023,11,26.7,8.143333333333334,-6.0,47.4,64.96666666666667,32.4,10.31,8.663333333333332,11.173333333333344,0,5,0,0.0,0.0,293.0,0.0,가을,3,2,0.076,낮음
대구,2023,12,18.8,2.725806451612903,-11.4,71.7,65.96774193548387,32.8,8.951612903225806,2.5967741935483857,16.07741935483872,0,3,0,0.0,0.0,293.0,0.0,겨울,4,2,0.084,낮음
대구,2024,1,13.7,1.1193548387096774,-11.3,28.9,65.45161290322581,31.9,9.103225806451611,1.0784946236559132,6.538709677419368,0,6,0,0.0,0.0,332.0,1.0,겨울,4,2,0.034,낮음
대구,2024,2,19.8,4.617241379310345,-4.1,83.2,77.0,32.9,8.813793103448276,4.663218390804597,18.8344827586207,0,11,0,0.0,0.0,332.0,1.0,겨울,4,2,0.027,낮음
대구,2024,3,22.4,7.193548387096774,-7.3,81.2,63.58064516129032,31.1,11.474193548387095,6.950537634408602,14.341935483870984,0,9,0,0.0,0.0,332.0,1.0,봄,1,2,0.039,낮음
대구,2024,4,29.9,15.75,4.7,84.80000000000001,67.16666666666667,24.9,11.243333333333334,15.585555555555551,22.093333333333344,0,8,0,0.0,0.0,332.0,1.0,봄,1,2,0.06,낮음
대구,2024,5,33.5,19.14516129032258,5.8,99.4,61.12903225806452,33.0,13.22258064516129,18.89032258064516,25.16451612903227,1,11,0,0.0,0.0,332.0,1.0,봄,1,2,0.018,낮음
대구,2024,6,38.3,25.03666666666667,12.1,131.8,60.2,25.2,12.62,24.99,16.986666666666682,6,7,0,0.0,0.0,332.0,1.0,여름,2,2,0.002,낮음
대구,2024,7,35.7,27.141935483870967,21.2,202.6,83.41935483870968,28.0,7.387096774193549,27.00537634408602,58.82903225806453,4,20,0,0.0,0.0,332.0,1.0,여름,2,2,0.114,낮음
대구,2024,8,36.8,29.006451612903227,21.8,55.4,74.61290322580645,27.9,10.425806451612903,29.066666666666663,12.651612903225828,24,14,0,0.0,0.0,332.0,1.0,여름,2,2,0.024,낮음
대구,2024,9,35.9,25.33,13.2,198.9,79.96666666666667,24.2,9.17,25.565555555555555,46.57333333333335,4,12,0,0.0,0.0,332.0,1.0,가을,3,2,0.068,낮음
대구,2024,10,28.6,16.816129032258065,6.1,130.8,79.70967741935483,29.7,9.109677419354838,16.993548387096773,29.50967741935485,0,11,0,0.0,0.0,332.0,1.0,가을,3,2,0.074,낮음
대구,2024,11,21.6,10.07,-0.1,72.1,76.06666666666666,27.0,8.99,10.403333333333334,15.490000000000007,0,3,0,0.0,0.0,332.0,1.0,가을,3,2,0.024,낮음
대구,2024,12,16.5,1.7580645161290325,-6.0,1.6,62.645161290322584,25.6,7.83225806451613,1.846236559139785,1.9451612903225908,0,1,0,0.0,0.0,332.0,1.0,겨울,4,2,0.0,낮음
인천,2020,1,10.1,0.5354838709677419,-6.3,61.6,68.51612903225806,49.6,7.564516129032258,0.413978494623656,13.63548387096774,0,4,0,0.0,0.0,0.0,0.0,겨울,4,3,0.009,낮음
인천,2020,2,14.1,1.393103448275862,-10.9,61.3,68.93103448275862,36.2,7.706896551724138,1.3000000000000005,12.26896551724138,0,7,0,0.0,0.0,0.0,0.0,겨울,4,3,0.032,낮음
인천,2020,3,19.0,5.680645161290323,-5.1,18.3,65.25806451612904,45.0,9.019354838709678,5.612903225806452,6.538709677419354,0,4,0,0.0,0.0,0.0,0.0,봄,1,3,0.041,낮음
인천,2020,4,21.5,9.453333333333337,1.1,19.4,63.5,41.6,7.95,9.22888888888889,4.766666666666667,0,3,0,0.0,0.0,0.0,0.0,봄,1,3,0.0,낮음
인천,2020,5,26.4,15.65483870967742,8.1,111.7,77.96774193548387,31.4,7.67741935483871,15.505376344086022,24.87741935483871,0,12,0,0.0,0.0,0.0,0.0,봄,1,3,0.026,낮음
인천,2020,6,28.5,20.766666666666666,13.2,184.2,83.2,36.4,6.59,20.704444444444444,25.576666666666668,0,10,0,0.0,0.0,0.0,0.0,여름,2,3,0.063,낮음
인천,2020,7,28.8,22.30322580645161,17.4,341.90000000000003,86.58064516129032,51.0,5.548387096774194,22.20107526881721,89.0225806451613,0,20,0,0.0,0.0,0.0,0.0,여름,2,3,0.006,낮음
인천,2020,8,32.2,25.34193548387097,21.4,498.9,90.38709677419357,49.9,4.370967741935484,25.247311827956988,115.25483870967744,0,19,0,0.0,0.0,0.0,0.0,여름,2,3,0.039,낮음
인천,2020,9,28.8,20.326666666666664,12.6,198.0,77.36666666666666,43.6,6.193333333333333,20.60666666666667,48.81666666666669,0,10,0,0.0,0.0,0.0,0.0,가을,3,3,0.037,낮음
인천,2020,10,22.4,13.525806451612905,4.2,8.6,65.83870967741936,30.6,8.406451612903227,13.71935483870968,1.8290322580645273,0,3,0,0.0,0.0,0.0,0.0,가을,3,3,0.0,낮음
인천,2020,11,18.9,7.246666666666667,-4.1,60.2,67.96666666666667,39.2,7.94,7.671111111111112,14.406666666666675,0,6,0,0.0,0.0,0.0,0.0,가을,3,3,0.0,낮음
인천,2020,12,9.0,-0.8161290322580645,-11.8,6.9,59.903225806451616,31.8,7.377419354838709,-0.5591397849462366,1.5580645161290434,0,4,0,0.0,0.0,0.0,0.0,겨울,4,3,0.002,낮음
인천,2021,1,11.2,-2.838709677419355,-17.8,18.0,55.16129032258065,44.6,8.416129032258064,-3.1580645161290324,3.7387096774193687,0,4,1,0.0,139452.0,426.0,0.0,겨울,4,3,0.704,높음
인천,2021,2,14.8,1.114285714285714,-9.8,12.2,63.5,39.5,9.164285714285716,0.9369047619047618,3.410714285714295,0,3,0,0.0,0.0,426.0,0.0,겨울,4,3,0.007,낮음
인천,2021,3,17.2,6.387096774193548,-2.7,96.5,76.58064516129032,36.9,8.929032258064517,6.286021505376344,19.5967741935484,0,5,0,0.0,0.0,426.0,0.0,봄,1,3,0.016,낮음
인천,2021,4,23.4,11.836666666666668,3.6,87.10000000000001,67.23333333333333,30.8,8.493333333333334,11.76,18.85666666666668,0,9,0,0.0,0.0,426.0,0.0,봄,1,3,0.001,낮음
인천,2021,5,25.4,15.187096774193549,7.1,206.0,78.54838709677419,37.7,7.593548387096774,14.980645161290322,43.6967741935484,0,15,0,0.0,0.0,426.0,0.0,봄,1,3,0.042,낮음
인천,2021,6,27.5,20.523333333333333,13.9,79.8,85.36666666666666,33.8,6.743333333333333,20.366666666666667,23.913333333333348,0,9,0,0.0,0.0,426.0,0.0,여름,2,3,0.042,낮음
인천,2021,7,33.2,26.08709677419355,19.6,114.5,81.90322580645162,30.1,6.254838709677419,25.923655913978493,26.46129032258066,1,12,0,0.0,0.0,426.0,0.0,여름,2,3,0.082,낮음
인천,2021,8,31.6,24.929032258064513,18.9,286.7,80.58064516129032,37.0,6.103225806451613,25.13978494623656,52.1451612903226,0,17,1,0.0,5692.0,426.0,0.0,여름,2,3,0.712,높음
인천,2021,9,28.2,21.58,15.1,150.2,77.86666666666666,31.0,6.816666666666666,21.63555555555556,45.110000000000014,0,7,0,0.0,0.0,426.0,0.0,가을,3,3,0.081,낮음
인천,2021,10,25.9,14.73225806451613,1.5,53.8,75.29032258064517,33.0,7.635483870967741,14.934408602150535,15.570967741935496,0,12,0,0.0,0.0,426.0,0.0,가을,3,3,0.0,낮음
인천,2021,11,19.5,7.533333333333333,-2.8,63.0,72.96666666666667,39.7,8.42,7.777777777777778,9.780000000000014,0,6,0,0.0,0.0,426.0,0.0,가을,3,3,0.026,낮음
인천,2021,12,10.4,0.1838709677419354,-14.1,10.6,64.06451612903226,33.1,8.77741935483871,0.5451612903225806,7.045161290322595,0,5,0,0.0,0.0,426.0,0.0,겨울,4,3,0.015,낮음
인천,2022,1,8.0,-2.732258064516129,-9.6,6.5,55.483870967741936,31.9,7.587096774193548,-2.832258064516129,1.3838709677419492,0,4,0,0.0,0.0,440.0,2.0,겨울,4,3,0.064,낮음
인천,2022,2,8.8,-1.7857142857142858,-9.4,4.800000000000001,58.142857142857146,36.6,7.489285714285715,-1.9809523809523808,1.2500000000000109,0,2,0,0.0,0.0,440.0,2.0,겨울,4,3,0.0,낮음
인천,2022,3,18.1,5.216129032258064,-5.2,80.7,72.70967741935483,39.3,9.261290322580646,5.048387096774194,17.370967741935498,0,7,0,0.0,0.0,440.0,2.0,봄,1,3,0.0,낮음
인천,2022,4,23.0,11.3,0.8,36.2,72.43333333333334,32.9,8.586666666666668,11.19,6.336666666666681,0,5,0,0.0,0.0,440.0,2.0,봄,1,3,0.108,낮음
인천,2022,5,25.1,16.16774193548387,6.0,14.6,68.64516129032258,34.3,8.345161290322581,15.958064516129031,6.232258064516145,0,3,0,0.0,0.0,440.0,2.0,봄,1,3,0.001,낮음
인천,2022,6,28.8,21.206666666666667,14.3,277.6,80.56666666666666,41.9,6.91,21.034444444444446,33.89333333333335,0,12,0,0.0,0.0,440.0,2.0,여름,2,3,0.208,낮음
인천,2022,7,33.5,25.32903225806452,20.4,206.5,86.64516129032258,36.7,5.396774193548388,25.206451612903223,67.42258064516132,1,16,0,0.0,0.0,440.0,2.0,여름,2,3,0.071,낮음
인천,2022,8,31.9,24.287096774193547,14.7,471.5,86.41935483870968,38.4,5.012903225806451,24.521505376344088,108.52258064516133,0,22,0,0.0,0.0,440.0,2.0,여름,2,3,0.0,낮음
인천,2022,9,30.4,20.766666666666666,11.1,210.8,76.53333333333333,34.9,8.15,20.86888888888889,56.70666666666669,0,8,0,0.0,0.0,440.0,2.0,가을,3,3,0.0,낮음
인천,2022,10,23.0,13.083870967741936,3.6,131.4,72.74193548387096,43.2,8.329032258064515,13.204301075268818,29.670967741935502,0,5,0,0.0,0.0,440.0,2.0,가을,3,3,0.0,낮음
인천,2022,11,22.1,8.793333333333333,-7.9,58.2,70.03333333333333,31.4,9.156666666666666,9.292222222222223,9.95333333333336,0,3,0,0.0,0.0,440.0,2.0,가을,3,3,0.0,낮음
인천,2022,12,9.0,-3.232258064516129,-13.2,12.7,54.74193548387097,34.3,7.574193548387097,-3.240860215053762,6.287096774193577,0,5,0,0.0,0.0,440.0,2.0,겨울,4,3,0.035,낮음
인천,2023,1,11.8,-2.3129032258064517,-17.0,39.400000000000006,59.516129032258064,33.1,8.229032258064516,-2.379569892473117,8.738709677419383,0,5,0,0.0,0.0,436.0,0.0,겨울,4,3,0.012,낮음
인천,2023,2,9.5,0.5607142857142857,-6.1,2.8,65.75,29.5,8.335714285714285,0.5011904761904774,0.9750000000000204,0,1,0,0.0,0.0,436.0,0.0,겨울,4,3,0.0,낮음
인천,2023,3,21.0,6.816129032258064,-2.5,27.1,65.3225806451613,33.5,10.158064516129032,6.588172043010753,6.119354838709698,0,4,0,0.0,0.0,436.0,0.0,봄,1,3,0.046,낮음
인천,2023,4,23.5,11.773333333333332,2.5,96.5,67.2,41.1,8.923333333333334,11.685555555555558,20.72666666666669,0,9,0,0.0,0.0,436.0,0.0,봄,1,3,0.083,낮음
인천,2023,5,25.5,16.677419354838708,6.5,175.5,75.87096774193549,33.3,8.67741935483871,16.415053763440863,34.39032258064519,0,6,0,0.0,0.0,436.0,0.0,봄,1,3,0.188,낮음
인천,2023,6,30.9,20.796666666666667,14.4,222.4,85.56666666666666,28.9,6.386666666666667,20.671111111111113,45.30666666666669,0,11,0,0.0,0.0,436.0,0.0,여름,2,3,0.104,낮음
인천,2023,7,33.2,25.112903225806452,20.4,383.5,87.16129032258064,34.6,6.335483870967742,25.000000000000004,99.14193548387098,1,18,0,0.0,0.0,436.0,0.0,여름,2,3,0.186,낮음
인천,2023,8,33.7,25.80967741935484,20.1,303.7,84.19354838709677,29.5,6.564516129032258,25.95591397849463,62.86774193548389,2,17,0,0.0,0.0,436.0,0.0,여름,2,3,0.136,낮음
인천,2023,9,30.6,22.290000000000003,13.6,159.3,81.73333333333333,24.4,7.253333333333334,22.39666666666667,41.886666666666684,0,13,1,0.0,193.0,436.0,0.0,가을,3,3,0.051,낮음
인천,2023,10,22.5,14.416129032258064,5.1,27.3,74.0,27.4,9.235483870967744,14.637634408602151,7.916129032258086,0,5,0,0.0,0.0,436.0,0.0,가을,3,3,0.151,낮음
인천,2023,11,22.9,5.746666666666667,-7.0,116.8,70.3,43.7,8.43,6.290000000000003,27.13333333333336,0,8,0,0.0,0.0,436.0,0.0,가을,3,3,0.162,낮음
인천,2023,12,15.8,0.335483870967742,-13.9,77.60000000000001,68.90322580645162,35.3,8.251612903225807,0.1666666666666692,15.177419354838731,0,7,0,0.0,0.0,436.0,0.0,겨울,4,3,0.13,낮음
인천,2024,1,8.5,-1.6290322580645162,-13.9,20.2,66.74193548387096,29.1,8.125806451612904,-1.61827956989247,7.216129032258085,0,5,0,0.0,0.0,522.0,1.0,겨울,4,3,0.0,낮음
인천,2024,2,16.0,2.268965517241379,-5.8,70.4,77.24137931034483,27.7,8.620689655172415,2.1954022988505777,16.73448275862071,0,10,0,0.0,0.0,522.0,1.0,겨울,4,3,0.0,낮음
인천,2024,3,19.9,5.245161290322581,-7.8,36.2,65.96774193548387,39.3,10.167741935483871,5.118279569892477,6.780645161290344,0,8,0,0.0,0.0,522.0,1.0,봄,1,3,0.053,낮음
인천,2024,4,26.5,13.633333333333333,1.5,43.4,67.7,24.6,11.303333333333336,13.33777777777778,11.813333333333354,0,4,0,0.0,0.0,522.0,1.0,봄,1,3,0.079,낮음
인천,2024,5,25.3,16.341935483870966,6.8,112.7,73.45161290322581,34.6,9.609677419354838,16.279569892473123,25.196774193548407,0,9,0,0.0,0.0,522.0,1.0,봄,1,3,0.046,낮음
인천,2024,6,33.5,22.19333333333333,12.8,101.9,71.66666666666667,35.9,10.163333333333332,22.017777777777784,18.39666666666669,1,6,0,0.0,0.0,522.0,1.0,여름,2,3,0.025,낮음
인천,2024,7,32.2,25.361290322580647,19.5,392.9,87.41935483870968,44.0,5.835483870967742,25.23763440860216,92.59032258064518,0,22,0,0.0,0.0,522.0,1.0,여름,2,3,0.288,낮음
인천,2024,8,34.7,27.48064516129032,20.2,176.9,83.25806451612904,33.7,6.912903225806452,27.544086021505382,41.25161290322582,2,19,0,0.0,0.0,522.0,1.0,여름,2,3,0.218,낮음
인천,2024,9,32.7,23.98,14.8,194.1,80.4,33.2,7.436666666666667,24.103333333333342,45.490000000000016,0,13,0,0.0,0.0,522.0,1.0,가을,3,3,0.023,낮음
인천,2024,10,23.9,15.151612903225804,5.3,66.8,77.03225806451613,33.2,9.083870967741934,15.426881720430114,15.048387096774194,0,6,0,0.0,0.0,522.0,1.0,가을,3,3,0.0,낮음
인천,2024,11,22.2,8.14,-7.8,44.5,72.06666666666666,28.9,8.889999999999999,8.577777777777785,7.693333333333333,0,5,0,0.0,0.0,522.0,1.0,가을,3,3,0.02,낮음
인천,2024,12,12.8,-0.3612903225806452,-7.9,5.2,61.32258064516129,24.1,7.225806451612903,-0.4096774193548316,3.8483870967741938,0,3,0,0.0,0.0,522.0,1.0,겨울,4,3,0.0,낮음
광주,2020,1,16.5,3.1516129032258067,-5.2,88.2,72.51612903225806,29.6,8.625806451612902,3.0301075268817206,18.46451612903226,0,8,0,0.0,0.0,0.0,0.0,겨울,4,4,0.088,낮음
광주,2020,2,17.6,4.13448275862069,-7.0,52.3,70.41379310344827,30.9,10.482758620689657,3.994252873563218,12.155172413793103,0,8,0,0.0,0.0,0.0,0.0,겨울,4,4,0.018,낮음
광주,2020,3,21.7,7.609677419354839,-5.3,42.3,66.29032258064517,30.3,11.980645161290322,7.498924731182796,10.258064516129032,0,5,0,0.0,0.0,0.0,0.0,봄,1,4,0.0,낮음
광주,2020,4,24.8,10.153333333333334,-2.1,56.900000000000006,61.13333333333333,31.2,12.673333333333334,9.996666666666666,14.5,0,4,0,0.0,0.0,0.0,0.0,봄,1,4,0.0,낮음
광주,2020,5,29.0,17.674193548387095,8.6,117.3,73.87096774193549,33.5,11.3,17.511827956989247,25.938709677419357,0,9,0,0.0,0.0,0.0,0.0,봄,1,4,0.037,낮음
광주,2020,6,33.1,22.69,11.3,269.2,78.8,32.1,9.316666666666666,22.662222222222223,56.416666666666664,1,13,0,0.0,0.0,0.0,0.0,여름,2,4,0.007,낮음
광주,2020,7,29.4,22.95483870967742,16.7,393.0,87.51612903225806,28.7,5.890322580645161,22.81935483870968,86.19677419354839,0,23,0,0.0,0.0,0.0,0.0,여름,2,4,0.0,낮음
광주,2020,8,32.4,26.903225806451612,20.9,383.0,86.90322580645162,41.3,5.967741935483871,26.861290322580643,89.09032258064518,0,20,0,0.0,0.0,0.0,0.0,여름,2,4,0.083,낮음
광주,2020,9,31.1,20.58,11.4,220.9,83.1,40.2,7.986666666666666,20.86888888888889,58.42000000000001,0,14,0,0.0,0.0,0.0,0.0,가을,3,4,0.074,낮음
광주,2020,10,24.6,14.274193548387096,3.6,19.4,68.80645161290323,24.1,10.383870967741936,14.495698924731183,4.40322580645162,0,3,0,0.0,0.0,0.0,0.0,가을,3,4,0.042,낮음
광주,2020,11,22.7,9.52,-0.9,50.5,67.53333333333333,29.4,9.5,9.754444444444443,11.783333333333344,0,5,0,0.0,0.0,0.0,0.0,가을,3,4,0.093,낮음
광주,2020,12,12.3,1.6225806451612903,-9.6,18.3,65.12903225806451,28.5,9.693548387096774,1.9225806451612903,2.590322580645168,0,4,0,0.0,0.0,0.0,0.0,겨울,4,4,0.014,낮음
광주,2021,1,15.1,0.2451612903225806,-17.5,33.2,71.2258064516129,33.1,9.85483870967742,-0.0161290322580646,8.561290322580659,0,8,1,0.0,1219.0,181.0,0.0,겨울,4,4,0.846,높음
광주,2021,2,20.6,4.257142857142857,-5.2,27.4,63.892857142857146,32.9,10.87857142857143,4.074999999999999,5.8321428571428715,0,6,0,0.0,0.0,181.0,0.0,겨울,4,4,0.016,낮음
광주,2021,3,22.2,8.974193548387097,-3.9,109.2,72.48387096774194,30.0,12.387096774193548,8.84731182795699,24.032258064516142,0,8,0,0.0,0.0,181.0,0.0,봄,1,4,0.086,낮음
광주,2021,4,27.2,13.766666666666667,1.5,68.1,57.46666666666667,29.0,12.156666666666666,13.643333333333334,17.536666666666683,0,5,0,0.0,0.0,181.0,0.0,봄,1,4,0.0,낮음
광주,2021,5,31.4,17.616129032258065,5.0,131.3,68.0,36.1,11.73225806451613,17.431182795698923,28.92580645161292,0,10,0,0.0,0.0,181.0,0.0,봄,1,4,0.053,낮음
광주,2021,6,33.7,22.876666666666665,13.2,174.4,73.63333333333334,28.1,10.243333333333334,22.796666666666667,38.61666666666669,2,16,0,0.0,0.0,181.0,0.0,여름,2,4,0.007,낮음
광주,2021,7,34.5,26.425806451612903,18.6,372.0,80.64516129032258,27.8,7.858064516129032,26.273118279569893,85.6967741935484,3,16,0,0.0,0.0,181.0,0.0,여름,2,4,0.074,낮음
광주,2021,8,34.4,25.706451612903223,19.7,284.8,82.54838709677419,30.5,7.796774193548386,25.812903225806455,63.02580645161293,1,19,0,0.0,0.0,181.0,0.0,여름,2,4,0.0,낮음
광주,2021,9,29.3,22.290000000000003,13.2,153.8,81.93333333333334,26.4,7.496666666666666,22.385555555555552,31.99333333333336,0,14,0,0.0,0.0,181.0,0.0,가을,3,4,0.0,낮음
광주,2021,10,28.6,15.71935483870968,1.8,41.0,77.09677419354838,21.8,10.338709677419354,16.036559139784945,15.77419354838712,0,6,0,0.0,0.0,181.0,0.0,가을,3,4,0.034,낮음
광주,2021,11,21.7,9.026666666666667,-1.5,64.1,76.2,32.6,10.503333333333334,9.175555555555556,9.890000000000024,0,6,0,0.0,0.0,181.0,0.0,가을,3,4,0.027,낮음
광주,2021,12,14.4,2.8677419354838714,-9.1,3.8,70.90322580645162,30.7,9.916129032258064,3.152688172043011,5.706451612903254,0,1,1,0.0,8250.0,181.0,0.0,겨울,4,4,0.558,보통
광주,2022,1,11.6,0.1225806451612903,-6.7,3.2,64.51612903225806,29.7,9.209677419354838,0.1204301075268815,0.777419354838738,0,0,0,0.0,0.0,198.0,2.0,겨울,4,4,0.0,낮음
광주,2022,2,15.0,0.7357142857142858,-7.1,3.7,58.32142857142857,27.8,9.939285714285717,0.5547619047619045,0.8821428571428855,0,1,0,0.0,0.0,198.0,2.0,겨울,4,4,0.057,낮음
광주,2022,3,22.6,8.164516129032258,-3.4,94.7,69.6774193548387,35.3,12.62258064516129,7.9602150537634415,20.25806451612906,0,10,0,0.0,0.0,198.0,2.0,봄,1,4,0.044,낮음
광주,2022,4,28.1,14.186666666666667,-0.8,114.6,60.733333333333334,23.9,13.95,14.08222222222222,20.950000000000024,0,5,0,0.0,0.0,198.0,2.0,봄,1,4,0.04,낮음
광주,2022,5,32.9,18.741935483870968,4.3,4.9,55.74193548387097,25.3,14.325806451612904,18.50537634408602,7.651612903225833,0,2,0,0.0,0.0,198.0,2.0,봄,1,4,0.005,낮음
광주,2022,6,34.4,23.323333333333338,14.0,150.9,74.86666666666666,29.9,9.526666666666667,23.128888888888888,33.340000000000025,2,18,0,0.0,0.0,198.0,2.0,여름,2,4,0.0,낮음
광주,2022,7,35.7,26.703225806451613,20.5,194.6,79.61290322580645,26.1,8.07741935483871,26.70107526881721,43.71612903225809,2,15,0,0.0,0.0,198.0,2.0,여름,2,4,0.0,낮음
광주,2022,8,32.8,26.07741935483871,15.0,144.4,83.09677419354838,31.7,7.32258064516129,26.18494623655914,33.25161290322583,0,21,0,0.0,0.0,198.0,2.0,여름,2,4,0.007,낮음
광주,2022,9,32.7,22.086666666666662,11.1,117.1,74.76666666666667,45.6,9.97,22.225555555555555,28.99000000000002,0,7,0,0.0,0.0,198.0,2.0,가을,3,4,0.0,낮음
광주,2022,10,29.9,14.961290322580645,2.5,23.4,66.70967741935483,27.3,11.235483870967744,15.147311827956988,5.2838709677419535,0,2,0,0.0,0.0,198.0,2.0,가을,3,4,0.0,낮음
광주,2022,11,24.3,10.553333333333336,-1.8,59.9,68.8,28.5,12.576666666666666,10.885555555555555,9.693333333333346,0,5,0,0.0,0.0,198.0,2.0,가을,3,4,0.025,낮음
광주,2022,12,11.2,-0.7290322580645162,-14.6,14.000000000000002,68.58064516129032,30.5,10.432258064516128,-0.5559139784946235,7.306451612903246,0,4,0,0.0,0.0,198.0,2.0,겨울,4,4,0.017,낮음
광주,2023,1,16.1,0.4096774193548386,-12.7,38.1,68.45161290322581,32.5,10.406451612903227,0.3440860215053762,8.583870967741952,0,2,0,0.0,0.0,165.0,0.0,겨울,4,4,0.12,낮음
광주,2023,2,13.6,2.6607142857142856,-5.8,25.1,65.60714285714286,25.8,11.639285714285714,2.528571428571428,6.225000000000017,0,5,0,0.0,0.0,165.0,0.0,겨울,4,4,0.02,낮음
광주,2023,3,24.8,9.764516129032256,-4.5,52.0,58.0,24.2,14.612903225806452,9.453763440860214,11.7709677419355,0,6,0,0.0,0.0,165.0,0.0,봄,1,4,0.04,낮음
광주,2023,4,27.6,13.376666666666669,0.6,92.9,67.13333333333334,33.9,12.63,13.377777777777776,20.093333333333355,0,12,0,0.0,0.0,165.0,0.0,봄,1,4,0.104,낮음
광주,2023,5,31.4,18.43548387096774,5.6,170.1,72.19354838709677,29.0,11.15483870967742,18.174193548387095,31.80000000000002,0,9,0,0.0,0.0,165.0,0.0,봄,1,4,0.154,낮음
광주,2023,6,35.8,23.053333333333335,13.9,198.2,73.33333333333333,25.9,10.73,22.963333333333335,35.01000000000002,4,11,0,0.0,0.0,165.0,0.0,여름,2,4,0.0,낮음
광주,2023,7,32.4,25.80967741935484,18.8,462.9,87.70967741935483,27.0,6.141935483870967,25.731182795698928,123.00967741935489,0,20,1,0.0,1166.0,165.0,0.0,여름,2,4,0.06,낮음
광주,2023,8,34.6,26.729032258064517,18.3,228.1,83.19354838709677,30.0,7.774193548387097,26.863440860215057,40.5193548387097,8,12,0,0.0,0.0,165.0,0.0,여름,2,4,0.059,낮음
광주,2023,9,31.0,23.006666666666668,14.5,185.7,83.1,25.8,8.056666666666667,23.12444444444445,53.84000000000003,0,12,0,0.0,0.0,165.0,0.0,가을,3,4,0.0,낮음
광주,2023,10,23.1,15.196774193548388,6.0,14.6,76.12903225806451,28.6,10.248387096774191,15.391397849462368,4.661290322580673,0,5,0,0.0,0.0,165.0,0.0,가을,3,4,0.303,보통
광주,2023,11,24.8,8.723333333333333,-3.3,92.8,73.8,32.4,9.94,9.09666666666667,21.563333333333357,0,8,0,0.0,0.0,165.0,0.0,가을,3,4,0.155,낮음
광주,2023,12,18.8,4.074193548387097,-9.0,70.6,75.64516129032258,29.6,8.422580645161291,3.988172043010754,15.39032258064519,0,9,0,0.0,0.0,165.0,0.0,겨울,4,4,0.157,낮음
광주,2024,1,13.7,1.6290322580645162,-8.3,52.8,76.06451612903226,30.3,9.138709677419357,1.601075268817206,12.287096774193577,0,7,0,0.0,0.0,145.0,1.0,겨울,4,4,0.036,낮음
광주,2024,2,17.3,5.082758620689655,-4.4,141.3,79.86206896551724,25.9,8.886206896551723,5.098850574712646,33.63793103448278,0,13,0,0.0,0.0,145.0,1.0,겨울,4,4,0.164,낮음
광주,2024,3,21.3,6.909677419354838,-4.8,84.8,72.16129032258064,35.0,11.332258064516129,6.721505376344088,15.861290322580672,0,7,0,0.0,0.0,145.0,1.0,봄,1,4,0.321,보통
광주,2024,4,26.4,14.783333333333331,2.8,114.2,77.56666666666666,27.8,11.536666666666664,14.617777777777778,25.61333333333336,0,11,0,0.0,0.0,145.0,1.0,봄,1,4,0.031,낮음
광주,2024,5,27.8,17.490322580645163,7.3,149.3,74.45161290322581,29.9,11.651612903225804,17.370967741935488,37.954838709677446,0,11,0,0.0,0.0,145.0,1.0,봄,1,4,0.186,낮음
광주,2024,6,34.4,22.453333333333333,11.0,135.2,74.26666666666667,27.4,11.043333333333331,22.312222222222225,18.72333333333336,1,6,0,0.0,0.0,145.0,1.0,여름,2,4,0.0,낮음
광주,2024,7,32.4,26.396774193548385,20.8,291.1,86.6774193548387,33.7,6.0354838709677425,26.267741935483873,77.77096774193552,0,21,0,0.0,0.0,145.0,1.0,여름,2,4,0.211,낮음
광주,2024,8,34.0,27.916129032258063,20.2,71.5,82.12903225806451,24.5,8.387096774193548,27.972043010752692,16.938709677419386,4,13,0,0.0,0.0,145.0,1.0,여름,2,4,0.0,낮음
광주,2024,9,34.8,25.466666666666665,16.4,162.4,81.0,20.7,8.716666666666667,25.622222222222224,38.260000000000026,3,10,0,0.0,0.0,145.0,1.0,가을,3,4,0.0,낮음
광주,2024,10,25.3,16.68064516129032,6.9,106.5,79.54838709677419,25.7,9.406451612903227,16.894623655913982,23.832258064516157,0,12,0,0.0,0.0,145.0,1.0,가을,3,4,0.006,낮음
광주,2024,11,22.9,10.483333333333333,0.1,80.1,73.76666666666667,28.6,9.446666666666664,10.756666666666671,17.17666666666669,0,8,0,0.0,0.0,145.0,1.0,가을,3,4,0.053,낮음
광주,2024,12,16.8,3.1870967741935483,-4.7,5.4,70.90322580645162,28.0,6.980645161290322,3.2870967741935537,2.758064516129061,0,2,0,0.0,0.0,145.0,1.0,겨울,4,4,0.335,보통
대전,2020,1,14.4,1.1774193548387095,-7.4,84.3,71.74193548387096,33.6,8.64516129032258,1.0510752688172045,18.225806451612904,0,4,0,0.0,0.0,0.0,0.0,겨울,4,5,0.051,낮음
대전,2020,2,17.0,2.06551724137931,-9.6,62.2,69.3103448275862,30.6,10.0,1.998850574712643,12.76896551724138,0,5,0,0.0,0.0,0.0,0.0,겨울,4,5,0.036,낮음
대전,2020,3,20.0,6.558064516129033,-4.7,35.0,63.41935483870968,34.9,12.029032258064516,6.379569892473117,9.625806451612902,0,3,0,0.0,0.0,0.0,0.0,봄,1,5,0.054,낮음
대전,2020,4,25.5,10.22,-0.9,27.799999999999997,52.43333333333333,37.7,13.23,10.026666666666666,7.713333333333334,0,4,0,0.0,0.0,0.0,0.0,봄,1,5,0.045,낮음
대전,2020,5,29.8,17.870967741935484,7.0,95.9,67.87096774193549,29.9,11.841935483870968,17.68387096774193,21.61935483870968,0,11,0,0.0,0.0,0.0,0.0,봄,1,5,0.002,낮음
대전,2020,6,35.0,23.096666666666668,12.9,148.2,72.33333333333333,33.0,10.256666666666666,23.121111111111112,23.33,3,13,0,0.0,0.0,0.0,0.0,여름,2,5,0.0,낮음
대전,2020,7,30.8,22.596774193548388,16.6,443.4,84.83870967741936,35.1,6.619354838709677,22.47956989247312,100.66774193548386,0,21,0,0.0,0.0,0.0,0.0,여름,2,5,0.0,낮음
대전,2020,8,32.8,26.206451612903223,20.6,346.4,85.70967741935483,34.9,6.077419354838709,26.1505376344086,84.14838709677419,0,19,0,0.0,0.0,0.0,0.0,여름,2,5,0.061,낮음
대전,2020,9,29.5,19.813333333333333,11.8,171.0,79.66666666666667,37.6,7.543333333333334,20.1,44.486666666666665,0,13,0,0.0,0.0,0.0,0.0,가을,3,5,0.03,낮음
대전,2020,10,22.8,13.09032258064516,3.0,11.2,67.19354838709677,24.2,10.14516129032258,13.301075268817204,2.480645161290323,0,2,0,0.0,0.0,0.0,0.0,가을,3,5,0.056,낮음
대전,2020,11,21.5,7.643333333333333,-4.3,52.9,66.8,26.1,9.453333333333331,8.007777777777777,12.403333333333334,0,5,0,0.0,0.0,0.0,0.0,가을,3,5,0.0,낮음
대전,2020,12,10.4,-0.5516129032258065,-11.8,3.4,63.225806451612904,26.0,8.761290322580646,-0.3043010752688168,0.5,0,2,0,0.0,0.0,0.0,0.0,겨울,4,5,0.0,낮음
대전,2021,1,12.2,-1.8548387096774193,-16.9,16.5,62.25806451612903,33.9,9.587096774193547,-2.134408602150538,3.732258064516129,0,5,0,0.0,0.0,234.0,0.0,겨울,4,5,0.0,낮음
대전,2021,2,18.9,2.417857142857143,-10.4,20.2,61.5,27.9,10.960714285714284,2.1928571428571426,5.146428571428571,0,5,0,0.0,0.0,234.0,0.0,겨울,4,5,0.0,낮음
대전,2021,3,22.6,8.09032258064516,-4.5,102.5,67.80645161290323,26.5,12.148387096774194,7.9602150537634415,20.693548387096776,0,7,0,0.0,0.0,234.0,0.0,봄,1,5,0.024,낮음
대전,2021,4,28.8,13.223333333333333,1.8,78.89999999999999,56.13333333333333,43.2,11.883333333333333,13.156666666666666,19.24,0,6,0,0.0,0.0,234.0,0.0,봄,1,5,0.0,낮음
대전,2021,5,31.6,16.548387096774192,6.1,145.9,69.3225806451613,35.4,10.619354838709675,16.353763440860217,30.958064516129035,0,16,1,1.0,3621626.0,234.0,0.0,봄,1,5,0.584,보통
대전,2021,6,32.3,22.123333333333335,12.4,115.3,74.9,27.5,9.413333333333332,21.996666666666663,26.61,0,15,0,0.0,0.0,234.0,0.0,여름,2,5,0.0,낮음
대전,2021,7,37.2,26.75483870967742,19.8,157.0,74.7741935483871,28.5,8.783870967741937,26.53978494623656,39.03225806451613,11,16,0,0.0,0.0,234.0,0.0,여름,2,5,0.017,낮음
대전,2021,8,34.2,24.990322580645163,18.0,285.4,78.58064516129032,31.3,7.65483870967742,25.23763440860215,60.94193548387097,12,21,0,0.0,0.0,234.0,0.0,여름,2,5,0.0,낮음
대전,2021,9,27.6,21.183333333333337,12.9,183.4,79.8,26.5,7.403333333333333,21.246666666666663,43.32333333333334,0,10,0,0.0,0.0,234.0,0.0,가을,3,5,0.0,낮음
대전,2021,10,28.9,14.609677419354838,0.6,42.3,75.7741935483871,21.9,9.438709677419356,14.888172043010751,12.996774193548386,0,9,0,0.0,0.0,234.0,0.0,가을,3,5,0.021,낮음
대전,2021,11,19.8,7.603333333333333,-2.9,55.7,75.36666666666666,27.1,10.17,7.8,8.416666666666666,0,5,0,0.0,0.0,234.0,0.0,가을,3,5,0.001,낮음
대전,2021,12,13.1,0.6935483870967742,-13.6,3.2,69.6774193548387,29.0,9.8,1.021505376344087,5.009677419354838,0,0,0,0.0,0.0,234.0,0.0,겨울,4,5,0.104,낮음
대전,2022,1,8.9,-1.961290322580645,-9.1,3.3000000000000003,58.38709677419355,27.1,9.383870967741936,-2.0215053763440856,0.9290322580645162,0,1,0,0.0,0.0,230.0,1.0,겨울,4,5,0.0,낮음
대전,2022,2,11.4,-1.092857142857143,-9.0,1.6,55.75,30.1,9.585714285714284,-1.3142857142857136,0.3214285714285714,0,0,0,0.0,0.0,230.0,1.0,겨울,4,5,0.0,낮음
대전,2022,3,21.6,6.9,-4.2,95.0,67.48387096774194,30.6,12.316129032258065,6.689247311827958,20.23548387096774,0,9,1,0.0,81.0,230.0,1.0,봄,1,5,0.634,보통
대전,2022,4,28.5,13.566666666666666,-0.1,51.7,57.43333333333333,29.6,13.71,13.505555555555556,10.173333333333334,0,4,0,0.0,0.0,230.0,1.0,봄,1,5,0.003,낮음
대전,2022,5,31.6,18.364516129032257,4.9,8.8,51.903225806451616,29.1,13.45483870967742,18.087096774193547,4.803225806451613,0,4,0,0.0,0.0,230.0,1.0,봄,1,5,0.015,낮음
대전,2022,6,34.8,22.88,13.8,112.0,72.23333333333333,33.7,10.103333333333332,22.72888888888889,22.040000000000003,2,15,0,0.0,0.0,230.0,1.0,여름,2,5,0.013,낮음
대전,2022,7,34.4,26.112903225806452,19.8,190.6,80.29032258064517,23.8,7.958064516129032,26.06451612903226,41.36129032258064,2,19,0,0.0,0.0,230.0,1.0,여름,2,5,0.0,낮음
대전,2022,8,32.2,24.93548387096774,13.8,343.3,84.38709677419355,33.9,6.3193548387096765,25.141935483870967,74.85806451612903,0,22,0,0.0,0.0,230.0,1.0,여름,2,5,0.0,낮음
대전,2022,9,31.0,20.766666666666666,10.9,111.6,75.16666666666667,40.0,9.143333333333334,20.819999999999997,34.94666666666667,0,5,0,0.0,0.0,230.0,1.0,가을,3,5,0.025,낮음
대전,2022,10,28.5,13.451612903225806,2.7,49.4,72.90322580645162,28.6,9.548387096774194,13.641935483870965,11.154838709677424,0,6,0,0.0,0.0,230.0,1.0,가을,3,5,0.08,낮음
대전,2022,11,24.6,8.74,-6.8,50.0,70.7,22.7,11.336666666666668,9.159999999999998,7.243333333333338,0,5,0,0.0,0.0,230.0,1.0,가을,3,5,0.013,낮음
대전,2022,12,10.1,-2.8225806451612905,-16.3,13.6,65.87096774193549,29.3,8.33548387096774,-2.75698924731183,7.322580645161297,0,3,0,0.0,0.0,230.0,1.0,겨울,4,5,0.065,낮음
대전,2023,1,13.2,-1.4129032258064516,-15.7,36.8,64.54838709677419,27.5,9.712903225806452,-1.4655913978494637,8.270967741935488,0,6,0,0.0,0.0,228.0,1.0,겨울,4,5,0.011,낮음
대전,2023,2,12.1,1.2642857142857142,-6.8,4.9,64.10714285714286,25.4,10.914285714285716,1.1488095238095224,1.3000000000000025,0,1,0,0.0,0.0,228.0,1.0,겨울,4,5,0.0,낮음
대전,2023,3,25.4,9.316129032258065,-4.3,22.9,51.70967741935484,30.1,14.029032258064516,8.974193548387095,5.15161290322581,0,3,0,0.0,0.0,228.0,1.0,봄,1,5,0.107,낮음
대전,2023,4,28.5,13.243333333333334,0.9,63.7,59.4,39.4,12.69,13.263333333333332,13.303333333333336,0,7,0,0.0,0.0,228.0,1.0,봄,1,5,0.0,낮음
대전,2023,5,31.8,18.509677419354837,4.9,129.1,63.516129032258064,25.2,12.019354838709678,18.251612903225805,23.732258064516135,0,6,0,0.0,0.0,228.0,1.0,봄,1,5,0.039,낮음
대전,2023,6,35.5,23.25,14.1,145.2,68.9,25.5,10.943333333333332,23.145555555555557,27.57666666666668,3,13,0,0.0,0.0,228.0,1.0,여름,2,5,0.017,낮음
대전,2023,7,33.4,25.406451612903226,19.0,470.6,85.51612903225806,33.3,7.0451612903225795,25.31720430107527,118.30967741935486,1,21,0,0.0,0.0,228.0,1.0,여름,2,5,0.025,낮음
대전,2023,8,34.0,26.283870967741933,18.9,334.7,81.87096774193549,36.4,7.677419354838711,26.461290322580645,64.48064516129033,6,18,0,0.0,0.0,228.0,1.0,여름,2,5,0.148,낮음
대전,2023,9,30.0,22.186666666666667,12.8,264.90000000000003,81.43333333333334,34.7,7.756666666666666,22.272222222222226,70.94333333333334,0,11,0,0.0,0.0,228.0,1.0,가을,3,5,0.089,낮음
대전,2023,10,22.4,14.251612903225809,4.2,11.5,74.3225806451613,22.7,10.09032258064516,14.429032258064517,5.838709677419355,0,3,0,0.0,0.0,228.0,1.0,가을,3,5,0.33,보통
대전,2023,11,23.5,6.783333333333333,-7.1,82.3,71.36666666666666,36.5,9.493333333333334,7.287777777777778,18.956666666666667,0,5,0,0.0,0.0,228.0,1.0,가을,3,5,0.313,보통
대전,2023,12,17.5,1.7838709677419355,-12.8,101.7,71.35483870967742,29.1,8.212903225806452,1.6537634408602158,22.532258064516128,0,8,0,0.0,0.0,228.0,1.0,겨울,4,5,0.212,낮음
대전,2024,1,10.6,-0.6096774193548385,-10.4,31.4,70.35483870967742,25.6,8.903225806451612,-0.6086021505376327,7.761290322580645,0,6,0,0.0,0.0,231.0,0.0,겨울,4,5,0.123,낮음
대전,2024,2,16.5,3.1758620689655173,-5.5,77.5,77.89655172413794,27.0,9.079310344827586,3.122988505747128,18.29310344827586,0,11,0,0.0,0.0,231.0,0.0,겨울,4,5,0.0,낮음
대전,2024,3,18.8,5.658064516129032,-7.8,53.8,68.51612903225806,38.5,10.970967741935484,5.511827956989249,10.235483870967744,0,8,0,0.0,0.0,231.0,0.0,봄,1,5,0.033,낮음
대전,2024,4,27.4,14.556666666666668,3.2,51.7,66.9,23.5,11.56,14.321111111111112,14.376666666666669,0,6,0,0.0,0.0,231.0,0.0,봄,1,5,0.013,낮음
대전,2024,5,28.3,17.383870967741935,6.7,133.3,68.06451612903226,30.2,11.748387096774191,17.23440860215054,29.467741935483872,0,9,0,0.0,0.0,231.0,0.0,봄,1,5,0.085,낮음
대전,2024,6,35.7,23.16,11.6,93.3,65.76666666666667,28.1,12.083333333333334,23.01666666666667,15.686666666666666,3,7,0,0.0,0.0,231.0,0.0,여름,2,5,0.0,낮음
대전,2024,7,32.7,25.883870967741935,19.4,419.4,84.80645161290323,36.3,6.574193548387096,25.78172043010753,100.31290322580644,0,23,1,0.0,166571.0,231.0,0.0,여름,2,5,0.046,낮음
대전,2024,8,34.2,28.003225806451617,21.5,51.1,77.03225806451613,31.7,8.558064516129033,28.037634408602155,11.851612903225806,10,15,0,0.0,0.0,231.0,0.0,여름,2,5,0.025,낮음
대전,2024,9,36.0,25.11,14.7,151.4,75.6,23.5,8.806666666666667,25.303333333333335,35.666666666666664,3,10,1,0.0,2353.0,231.0,0.0,가을,3,5,0.0,낮음
대전,2024,10,23.1,15.316129032258065,6.1,100.4,79.51612903225806,26.1,8.838709677419354,15.541935483870972,22.977419354838716,0,10,0,0.0,0.0,231.0,0.0,가을,3,5,0.087,낮음
대전,2024,11,21.6,8.596666666666666,-2.1,49.0,74.53333333333333,30.1,9.766666666666667,8.951111111111116,9.20333333333334,0,9,0,0.0,0.0,231.0,0.0,가을,3,5,0.105,낮음
대전,2024,12,14.7,0.396774193548387,-6.8,7.300000000000001,68.16129032258064,21.8,7.658064516129032,0.4537634408602212,3.790322580645168,0,2,0,0.0,0.0,231.0,0.0,겨울,4,5,0.119,낮음
울산,2020,1,16.1,3.629032258064516,-5.3,134.3,66.58064516129032,32.6,8.919354838709678,3.506989247311828,25.929032258064517,0,8,0,0.0,0.0,0.0,0.0,겨울,4,6,0.01,낮음
울산,2020,2,16.7,4.093103448275862,-6.6,69.5,66.48275862068965,27.8,10.89655172413793,4.035632183908046,18.52068965517241,0,7,0,0.0,0.0,0.0,0.0,겨울,4,6,0.0,낮음
울산,2020,3,20.6,7.919354838709677,-4.2,40.2,65.41935483870968,35.0,11.3,7.77741935483871,10.8,0,5,0,0.0,0.0,0.0,0.0,봄,1,6,0.0,낮음
울산,2020,4,23.2,11.033333333333331,-1.0,76.19999999999999,58.9,29.6,11.753333333333334,10.823333333333332,18.803333333333335,0,5,0,0.0,0.0,0.0,0.0,봄,1,6,0.006,낮음
울산,2020,5,28.1,17.238709677419354,8.3,89.7,74.38709677419355,24.0,9.290322580645162,17.156989247311827,20.093548387096774,0,9,0,0.0,0.0,0.0,0.0,봄,1,6,0.112,낮음
울산,2020,6,32.0,22.05666666666667,14.2,283.8,76.9,26.0,9.026666666666667,21.92111111111111,47.77,0,10,0,0.0,0.0,0.0,0.0,여름,2,6,0.009,낮음
울산,2020,7,31.3,22.187096774193545,15.4,538.9,88.48387096774194,22.3,5.409677419354838,22.080645161290324,130.3258064516129,0,23,0,0.0,0.0,0.0,0.0,여름,2,6,0.018,낮음
울산,2020,8,34.2,27.093548387096774,22.6,188.6,84.48387096774194,29.6,6.251612903225806,27.108602150537635,46.05483870967742,8,14,0,0.0,0.0,0.0,0.0,여름,2,6,0.0,낮음
울산,2020,9,28.7,20.5,11.4,272.1,81.7,84.1,6.393333333333333,20.762222222222224,69.42666666666668,0,13,2,0.0,183.0,0.0,0.0,가을,3,6,1.501,매우높음
울산,2020,10,24.8,14.741935483870968,5.6,25.8,68.6774193548387,30.4,9.025806451612905,14.91505376344086,6.041935483870968,0,3,0,0.0,0.0,0.0,0.0,가을,3,6,0.02,낮음
울산,2020,11,21.8,9.386666666666668,-1.2,26.6,63.5,28.3,10.473333333333333,9.697777777777778,6.206666666666668,0,4,0,0.0,0.0,0.0,0.0,가을,3,6,0.0,낮음
울산,2020,12,14.6,1.3451612903225807,-10.1,6.5,52.87096774193548,31.6,10.638709677419357,1.6032258064516145,0.6193548387096778,0,2,0,0.0,0.0,0.0,0.0,겨울,4,6,0.019,낮음
울산,2021,1,15.3,0.4225806451612903,-12.9,30.6,56.25806451612903,30.4,9.958064516129031,0.200000000000001,7.325806451612904,0,4,0,0.0,0.0,178.0,2.0,겨울,4,6,0.0,낮음
울산,2021,2,22.3,4.825,-8.1,39.4,56.607142857142854,33.0,11.542857142857144,4.588095238095238,9.014285714285714,0,5,0,0.0,0.0,178.0,2.0,겨울,4,6,0.0,낮음
울산,2021,3,21.0,9.067741935483872,-3.0,122.2,70.70967741935483,24.8,10.71935483870968,8.98494623655914,26.467741935483872,0,9,0,0.0,0.0,178.0,2.0,봄,1,6,0.009,낮음
울산,2021,4,23.6,12.54,0.2,85.1,66.06666666666666,26.3,10.643333333333334,12.383333333333333,21.959999999999997,0,6,0,0.0,0.0,178.0,2.0,봄,1,6,0.0,낮음
울산,2021,5,28.8,16.838709677419356,4.6,138.0,71.19354838709677,35.3,10.432258064516128,16.74516129032258,30.80322580645161,0,12,0,0.0,0.0,178.0,2.0,봄,1,6,0.07,낮음
울산,2021,6,30.9,21.14333333333333,12.5,107.6,81.06666666666666,23.8,7.83,21.01555555555556,25.523333333333333,0,10,0,0.0,0.0,178.0,2.0,여름,2,6,0.174,낮음
울산,2021,7,32.8,25.490322580645163,18.6,287.8,85.58064516129032,27.2,6.283870967741935,25.343010752688173,63.75483870967742,0,17,0,0.0,0.0,178.0,2.0,여름,2,6,0.046,낮음
울산,2021,8,32.2,24.919354838709676,18.9,471.0,86.09677419354838,30.4,5.851612903225806,24.996774193548383,106.12258064516128,0,26,0,0.0,0.0,178.0,2.0,여름,2,6,0.013,낮음
울산,2021,9,28.5,21.663333333333338,15.9,221.6,83.0,27.3,5.95,21.756666666666668,40.39666666666666,0,16,0,0.0,0.0,178.0,2.0,가을,3,6,0.012,낮음
울산,2021,10,28.8,16.26451612903226,3.7,66.3,76.96774193548387,26.9,9.02258064516129,16.54516129032258,27.612903225806452,0,8,0,0.0,0.0,178.0,2.0,가을,3,6,0.0,낮음
울산,2021,11,19.6,8.653333333333334,-1.8,46.2,72.0,26.9,11.92,8.858888888888888,5.279999999999999,0,2,0,0.0,0.0,178.0,2.0,가을,3,6,0.078,낮음
울산,2021,12,16.6,2.487096774193548,-10.6,3.5,61.03225806451613,29.0,10.790322580645162,2.7580645161290325,6.112903225806452,0,1,0,0.0,0.0,178.0,2.0,겨울,4,6,0.0,낮음
울산,2022,1,11.9,0.8870967741935484,-7.7,1.7,49.0,27.7,10.71935483870968,0.8107526881720424,0.3838709677419355,0,0,0,0.0,0.0,172.0,0.0,겨울,4,6,0.022,낮음
울산,2022,2,15.4,1.4,-8.2,3.3,43.42857142857143,27.9,10.43214285714286,1.210714285714285,0.825,0,2,0,0.0,0.0,172.0,0.0,겨울,4,6,0.011,낮음
울산,2022,3,21.6,8.735483870967743,-4.1,93.4,63.38709677419355,31.0,12.109677419354838,8.587096774193547,19.81935483870968,0,7,0,0.0,0.0,172.0,0.0,봄,1,6,0.016,낮음
울산,2022,4,28.3,14.01,-0.2,81.8,59.9,26.9,12.386666666666668,13.978888888888887,13.58,0,4,0,0.0,0.0,172.0,0.0,봄,1,6,0.038,낮음
울산,2022,5,33.6,18.9,4.4,16.8,54.806451612903224,28.9,12.67741935483871,18.55591397849462,10.393548387096772,1,3,0,0.0,0.0,172.0,0.0,봄,1,6,0.002,낮음
울산,2022,6,33.3,22.316666666666663,11.4,123.2,75.73333333333333,31.3,8.25,22.15333333333333,26.886666666666667,1,12,0,0.0,0.0,172.0,0.0,여름,2,6,0.0,낮음
울산,2022,7,33.9,26.13225806451613,20.7,278.4,81.35483870967742,19.5,7.132258064516129,26.145161290322577,60.89354838709678,2,18,0,0.0,0.0,172.0,0.0,여름,2,6,0.001,낮음
울산,2022,8,35.2,26.16774193548387,17.0,222.1,79.03225806451613,24.7,7.387096774193548,26.33763440860215,42.12903225806452,4,18,0,0.0,0.0,172.0,0.0,여름,2,6,0.009,낮음
울산,2022,9,28.8,21.223333333333336,12.3,262.4,78.53333333333333,50.6,7.35,21.31333333333333,73.23666666666666,0,10,0,0.0,0.0,172.0,0.0,가을,3,6,0.034,낮음
울산,2022,10,29.0,15.070967741935483,4.0,35.0,70.0,24.0,9.25483870967742,15.247311827956986,7.461290322580646,0,7,1,0.0,302.0,172.0,0.0,가을,3,6,0.488,보통
울산,2022,11,22.2,11.036666666666669,-3.0,45.5,63.166666666666664,30.2,12.09,11.311111111111108,8.5,0,5,0,0.0,0.0,172.0,0.0,가을,3,6,0.027,낮음
울산,2022,12,13.4,0.4322580645161289,-9.1,12.4,52.0,31.3,9.674193548387096,0.6086021505376308,5.461290322580646,0,2,0,0.0,0.0,172.0,0.0,겨울,4,6,0.013,낮음
울산,2023,1,16.8,0.832258064516129,-13.1,61.2,55.58064516129032,34.9,11.04516129032258,0.8322580645161255,13.806451612903226,0,3,0,0.0,0.0,197.0,1.0,겨울,4,6,0.0,낮음
울산,2023,2,15.4,4.1571428571428575,-6.7,42.6,60.107142857142854,23.7,11.653571428571428,3.957142857142853,10.632142857142856,0,7,0,0.0,0.0,197.0,1.0,겨울,4,6,0.064,낮음
울산,2023,3,25.5,10.338709677419354,-3.9,67.7,60.516129032258064,27.1,13.0,10.056989247311824,15.238709677419354,0,6,0,0.0,0.0,197.0,1.0,봄,1,6,0.055,낮음
울산,2023,4,29.6,13.666666666666666,0.5,72.9,64.43333333333334,32.6,11.336666666666668,13.586666666666664,15.606666666666666,0,8,0,0.0,0.0,197.0,1.0,봄,1,6,0.0,낮음
울산,2023,5,30.5,17.429032258064513,4.2,223.9,73.12903225806451,28.2,10.167741935483871,17.366666666666664,43.40645161290323,0,10,0,0.0,0.0,197.0,1.0,봄,1,6,0.204,낮음
울산,2023,6,32.8,22.166666666666668,12.4,195.7,78.1,25.1,9.183333333333334,21.95888888888889,46.13333333333333,0,14,0,0.0,0.0,197.0,1.0,여름,2,6,0.011,낮음
울산,2023,7,33.7,25.69032258064516,17.9,221.3,85.3225806451613,30.8,7.316129032258064,25.583870967741937,57.67419354838709,1,18,0,0.0,0.0,197.0,1.0,여름,2,6,0.0,낮음
울산,2023,8,34.3,26.44516129032258,21.1,222.1,84.41935483870968,51.1,7.070967741935483,26.526881720430104,45.341935483870955,2,11,0,0.0,0.0,197.0,1.0,여름,2,6,0.169,낮음
울산,2023,9,29.4,22.73,14.1,188.9,84.56666666666666,24.7,7.283333333333333,22.935555555555553,48.71333333333333,0,17,0,0.0,0.0,197.0,1.0,가을,3,6,0.005,낮음
울산,2023,10,24.5,14.9,2.3,4.7,71.51612903225806,25.2,12.229032258064516,15.091397849462362,1.7870967741935413,0,1,0,0.0,0.0,197.0,1.0,가을,3,6,0.272,낮음
울산,2023,11,27.2,8.313333333333334,-5.1,34.5,65.03333333333333,38.3,12.776666666666667,8.72444444444444,8.063333333333327,0,4,0,0.0,0.0,197.0,1.0,가을,3,6,0.082,낮음
울산,2023,12,20.2,3.1451612903225805,-9.5,97.8,64.83870967741936,29.3,11.0,3.013978494623654,21.951612903225804,0,4,0,0.0,0.0,197.0,1.0,겨울,4,6,0.127,낮음
울산,2024,1,13.6,1.4161290322580644,-10.4,48.4,65.93548387096774,28.8,11.103225806451611,1.4215053763440837,11.054838709677412,0,7,0,0.0,0.0,178.0,0.0,겨울,4,6,0.122,낮음
울산,2024,2,21.6,5.19655172413793,-5.5,112.5,76.06896551724138,25.0,8.96896551724138,5.213793103448274,25.227586206896543,0,14,0,0.0,0.0,178.0,0.0,겨울,4,6,0.152,낮음
울산,2024,3,22.4,6.974193548387096,-6.6,110.4,66.58064516129032,29.1,11.716129032258063,6.778494623655913,21.222580645161283,0,10,0,0.0,0.0,178.0,0.0,봄,1,6,0.167,낮음
울산,2024,4,26.2,13.866666666666667,2.8,112.9,78.26666666666667,23.9,11.436666666666667,13.70222222222222,28.41333333333332,0,10,0,0.0,0.0,178.0,0.0,봄,1,6,0.088,낮음
울산,2024,5,28.4,17.009677419354837,3.5,93.2,73.45161290322581,28.2,12.52258064516129,16.846236559139783,23.9032258064516,0,11,0,0.0,0.0,178.0,0.0,봄,1,6,0.118,낮음
울산,2024,6,33.8,22.46333333333333,10.6,161.2,74.66666666666667,26.0,10.93,22.333333333333332,22.446666666666655,1,9,0,0.0,0.0,178.0,0.0,여름,2,6,0.0,낮음
울산,2024,7,36.0,26.82903225806452,19.6,160.1,83.16129032258064,29.2,7.238709677419355,26.651612903225804,51.370967741935466,4,15,0,0.0,0.0,178.0,0.0,여름,2,6,0.035,낮음
울산,2024,8,36.3,27.616129032258065,19.7,83.5,81.16129032258064,29.2,8.167741935483871,27.75268817204301,15.722580645161274,8,20,0,0.0,0.0,178.0,0.0,여름,2,6,0.0,낮음
울산,2024,9,32.8,24.426666666666662,15.6,206.9,84.0,21.2,7.14,24.591111111111108,51.12666666666665,0,15,0,0.0,0.0,178.0,0.0,가을,3,6,0.026,낮음
울산,2024,10,27.3,17.16774193548387,7.3,213.1,79.96774193548387,27.6,8.370967741935484,17.3505376344086,48.28709677419353,0,14,1,0.0,237.0,178.0,0.0,가을,3,6,0.221,낮음
울산,2024,11,21.4,10.376666666666669,-0.5,95.7,74.2,25.5,9.69,10.716666666666663,21.326666666666657,0,4,0,0.0,0.0,178.0,0.0,가을,3,6,0.144,낮음
울산,2024,12,16.5,1.5838709677419356,-6.6,0.8999999999999999,62.193548387096776,26.4,10.387096774193548,1.6935483870967716,1.5064516129032195,0,0,0,0.0,0.0,178.0,0.0,겨울,4,6,0.006,낮음
세종,2020,1,13.2,1.4774193548387096,-7.3,84.0,70.7741935483871,29.4,8.819354838709677,1.3413978494623655,18.31935483870968,0,4,0,0.0,0.0,0.0,0.0,겨울,4,7,0.024,낮음
세종,2020,2,16.1,2.3241379310344827,-8.9,60.6,68.82758620689656,28.6,10.1,2.254022988505747,12.10689655172414,0,5,0,0.0,0.0,0.0,0.0,겨울,4,7,0.153,낮음
세종,2020,3,20.0,6.787096774193548,-4.7,29.799999999999997,63.61290322580645,32.1,11.993548387096777,6.629032258064516,8.838709677419354,0,3,0,0.0,0.0,0.0,0.0,봄,1,7,0.005,낮음
세종,2020,4,25.4,10.463333333333331,-1.2,23.0,53.56666666666667,34.3,13.08,10.273333333333332,6.273333333333334,0,5,0,0.0,0.0,0.0,0.0,봄,1,7,0.027,낮음
세종,2020,5,29.5,18.02258064516129,7.2,105.1,67.80645161290323,28.4,11.887096774193548,17.83440860215054,23.716129032258067,0,9,0,0.0,0.0,0.0,0.0,봄,1,7,0.012,낮음
세종,2020,6,34.8,23.333333333333332,13.3,143.4,71.9,29.2,10.403333333333334,23.35222222222222,21.969999999999995,3,12,0,0.0,0.0,0.0,0.0,여름,2,7,0.0,낮음
세종,2020,7,31.4,22.97741935483871,16.7,409.9,83.45161290322581,37.5,6.916129032258064,22.8494623655914,92.22258064516129,0,21,0,0.0,0.0,0.0,0.0,여름,2,7,0.019,낮음
세종,2020,8,33.2,26.532258064516128,21.4,365.6,85.3225806451613,31.6,6.145161290322581,26.482795698924733,90.74193548387092,1,19,0,0.0,0.0,0.0,0.0,여름,2,7,0.069,낮음
세종,2020,9,30.2,20.186666666666667,11.8,173.29999999999998,78.73333333333333,37.8,8.0,20.473333333333333,43.81999999999997,0,11,0,0.0,0.0,0.0,0.0,가을,3,7,0.0,낮음
세종,2020,10,23.3,13.109677419354838,2.5,11.7,69.38709677419355,21.4,10.596774193548388,13.32795698924731,2.6516129032257885,0,1,0,0.0,0.0,0.0,0.0,가을,3,7,0.063,낮음
세종,2020,11,21.1,7.636666666666667,-4.5,37.7,68.4,26.0,9.513333333333332,8.0,8.816666666666643,0,5,0,0.0,0.0,0.0,0.0,가을,3,7,0.049,낮음
세종,2020,12,10.9,-0.5064516129032258,-10.7,6.5,63.58064516129032,26.7,9.141935483870968,-0.2741935483870962,1.264516129032249,0,2,0,0.0,0.0,0.0,0.0,겨울,4,7,0.0,낮음
세종,2021,1,12.1,-1.7000000000000002,-16.2,16.1,60.25806451612903,31.5,9.86774193548387,-1.9655913978494612,3.622580645161262,0,6,0,0.0,0.0,54.0,0.0,겨울,4,7,0.006,낮음
세종,2021,2,18.5,2.5,-8.7,14.4,61.214285714285715,29.3,11.064285714285717,2.2797619047619055,3.689285714285688,0,5,0,0.0,0.0,54.0,0.0,겨울,4,7,0.0,낮음
세종,2021,3,21.9,8.183870967741935,-2.9,96.5,68.29032258064517,27.2,11.996774193548386,8.068817204301077,19.677419354838683,0,7,0,0.0,0.0,54.0,0.0,봄,1,7,0.007,낮음
세종,2021,4,29.0,13.416666666666666,1.2,70.4,56.3,40.8,11.973333333333333,13.330000000000002,16.963333333333306,0,5,0,0.0,0.0,54.0,0.0,봄,1,7,0.0,낮음
세종,2021,5,30.8,16.77741935483871,4.7,141.7,69.54838709677419,32.2,10.693548387096774,16.578494623655917,29.66451612903223,0,16,0,0.0,0.0,54.0,0.0,봄,1,7,0.118,낮음
세종,2021,6,32.2,22.39,12.5,89.5,74.86666666666666,24.0,9.536666666666669,22.25222222222222,22.516666666666637,0,12,0,0.0,0.0,54.0,0.0,여름,2,7,0.0,낮음
세종,2021,7,38.0,27.006451612903227,19.1,162.6,75.06451612903226,27.6,8.69032258064516,26.804301075268818,38.9548387096774,11,14,0,0.0,0.0,54.0,0.0,여름,2,7,0.028,낮음
세종,2021,8,34.2,25.18064516129032,18.0,275.59999999999997,79.09677419354838,31.1,7.551612903225807,25.43763440860215,59.780645161290295,12,16,0,0.0,0.0,54.0,0.0,여름,2,7,0.0,낮음
세종,2021,9,28.5,21.51,14.9,195.6,79.46666666666667,21.7,7.779999999999999,21.563333333333333,42.79333333333331,0,10,0,0.0,0.0,54.0,0.0,가을,3,7,0.034,낮음
세종,2021,10,29.0,14.8,1.2,45.0,76.2258064516129,21.9,9.6,15.073118279569892,15.60967741935481,0,9,0,0.0,0.0,54.0,0.0,가을,3,7,0.004,낮음
세종,2021,11,20.1,7.576666666666667,-3.3,53.5,76.13333333333334,26.6,10.653333333333334,7.804444444444444,8.123333333333298,0,4,0,0.0,0.0,54.0,0.0,가을,3,7,0.0,낮음
세종,2021,12,13.8,0.7774193548387097,-12.7,6.5,68.96774193548387,28.3,10.21935483870968,1.075268817204301,5.45161290322578,0,2,0,0.0,0.0,54.0,0.0,겨울,4,7,0.012,낮음
세종,2022,1,9.2,-1.7483870967741937,-8.9,3.0,56.96774193548387,26.6,9.548387096774194,-1.8043010752688171,0.8548387096773884,0,1,0,0.0,0.0,66.0,0.0,겨울,4,7,0.0,낮음
세종,2022,2,11.6,-0.8392857142857143,-8.4,2.7,55.785714285714285,30.6,9.782142857142857,-1.048809523809524,0.582142857142828,0,1,0,0.0,0.0,66.0,0.0,겨울,4,7,0.0,낮음
세종,2022,3,21.2,7.145161290322581,-4.2,70.89999999999999,67.06451612903226,30.0,12.361290322580643,6.924731182795699,15.16451612903223,0,7,0,0.0,0.0,66.0,0.0,봄,1,7,0.085,낮음
세종,2022,4,28.0,13.723333333333333,0.0,49.3,58.766666666666666,26.4,13.866666666666667,13.648888888888887,9.759999999999971,0,4,0,0.0,0.0,66.0,0.0,봄,1,7,0.034,낮음
세종,2022,5,31.8,18.493548387096773,4.7,9.9,53.806451612903224,29.0,13.638709677419357,18.234408602150538,4.599999999999969,0,4,0,0.0,0.0,66.0,0.0,봄,1,7,0.0,낮음
세종,2022,6,35.5,23.35666666666667,13.1,114.4,70.33333333333333,32.5,10.473333333333333,23.19777777777778,21.726666666666635,3,14,0,0.0,0.0,66.0,0.0,여름,2,7,0.0,낮음
세종,2022,7,34.7,26.483870967741936,20.0,174.4,79.38709677419355,23.7,8.20967741935484,26.434408602150537,37.674193548387066,3,19,0,0.0,0.0,66.0,0.0,여름,2,7,0.02,낮음
세종,2022,8,33.0,25.24516129032258,13.4,319.1,83.38709677419355,33.9,6.677419354838711,25.453763440860214,67.36129032258063,1,19,0,0.0,0.0,66.0,0.0,여름,2,7,0.02,낮음
세종,2022,9,31.5,21.076666666666664,10.8,106.9,74.56666666666666,38.6,9.74,21.14333333333333,36.84333333333332,0,5,0,0.0,0.0,66.0,0.0,가을,3,7,0.0,낮음
세종,2022,10,27.5,13.680645161290323,1.9,52.8,73.09677419354838,26.7,9.783870967741937,13.855913978494623,11.92258064516128,0,6,0,0.0,0.0,66.0,0.0,가을,3,7,0.111,낮음
세종,2022,11,24.8,8.823333333333332,-6.1,45.6,71.83333333333333,25.8,11.293333333333331,9.244444444444444,6.449999999999988,0,5,0,0.0,0.0,66.0,0.0,가을,3,7,0.018,낮음
세종,2022,12,10.6,-2.9967741935483874,-17.1,13.5,66.6774193548387,27.6,9.09032258064516,-2.895698924731183,7.093548387096759,0,3,0,0.0,0.0,66.0,0.0,겨울,4,7,0.007,낮음
세종,2023,1,14.1,-1.264516129032258,-14.7,32.5,63.903225806451616,28.0,9.787096774193548,-1.3376344086021514,7.30645161290321,0,6,0,0.0,0.0,63.0,0.0,겨울,4,7,0.0,낮음
세종,2023,2,12.3,1.417857142857143,-6.1,3.8,63.964285714285715,25.3,11.017857142857142,1.3119047619047606,0.9964285714285608,0,1,0,0.0,0.0,63.0,0.0,겨울,4,7,0.029,낮음
세종,2023,3,25.3,9.112903225806452,-5.2,25.2,55.0,29.5,14.067741935483872,8.778494623655913,5.667741935483855,0,3,0,0.0,0.0,63.0,0.0,봄,1,7,0.01,낮음
세종,2023,4,28.0,13.383333333333333,0.9,58.1,60.3,39.2,12.816666666666666,13.361111111111107,12.239999999999986,0,7,0,0.0,0.0,63.0,0.0,봄,1,7,0.023,낮음
세종,2023,5,32.2,18.951612903225808,4.1,126.6,62.774193548387096,23.4,12.14516129032258,18.704301075268816,22.909677419354825,0,6,0,0.0,0.0,63.0,0.0,봄,1,7,0.011,낮음
세종,2023,6,35.4,23.546666666666667,15.1,160.4,68.53333333333333,21.6,10.863333333333337,23.444444444444443,30.989999999999988,3,10,0,0.0,0.0,63.0,0.0,여름,2,7,0.099,낮음
세종,2023,7,33.8,25.774193548387096,19.5,403.2,84.64516129032258,27.8,7.219354838709677,25.672043010752684,103.18709677419352,1,20,0,0.0,0.0,63.0,0.0,여름,2,7,0.006,낮음
세종,2023,8,34.7,26.661290322580644,19.5,295.3,80.90322580645162,35.9,7.916129032258064,26.83763440860215,57.84193548387097,8,17,1,0.0,445.0,63.0,0.0,여름,2,7,0.072,낮음
세종,2023,9,30.5,22.553333333333335,13.1,297.8,80.93333333333334,27.4,7.923333333333333,22.648888888888887,76.61999999999999,0,11,0,0.0,0.0,63.0,0.0,가을,3,7,0.071,낮음
세종,2023,10,22.8,14.49032258064516,4.1,14.1,74.58064516129032,22.9,10.187096774193549,14.687096774193543,6.038709677419354,0,3,0,0.0,0.0,63.0,0.0,가을,3,7,0.105,낮음
세종,2023,11,23.9,7.066666666666666,-6.6,71.99999999999999,70.4,41.7,9.51,7.544444444444442,16.696666666666662,0,6,0,0.0,0.0,63.0,0.0,가을,3,7,0.245,낮음
세종,2023,12,18.0,1.9516129032258065,-12.6,101.3,69.70967741935483,28.7,8.538709677419355,1.8419354838709652,21.62903225806451,0,8,0,0.0,0.0,63.0,0.0,겨울,4,7,0.197,낮음
세종,2024,1,10.4,-0.4451612903225805,-10.4,27.8,68.80645161290323,26.0,8.851612903225806,-0.4548387096774217,7.725806451612896,0,5,0,0.0,0.0,61.0,1.0,겨울,4,7,0.026,낮음
세종,2024,2,17.0,3.389655172413793,-5.3,71.1,76.65517241379311,25.7,9.427586206896551,3.331034482758618,16.81379310344827,0,11,0,0.0,0.0,61.0,1.0,겨울,4,7,0.002,낮음
세종,2024,3,18.9,6.077419354838709,-7.6,48.400000000000006,66.6774193548387,38.9,10.961290322580645,5.929032258064513,9.50645161290322,0,8,0,0.0,0.0,61.0,1.0,봄,1,7,0.0,낮음
세종,2024,4,27.6,14.833333333333334,3.2,45.9,65.36666666666666,21.3,11.94,14.576666666666664,12.539999999999994,0,4,0,0.0,0.0,61.0,1.0,봄,1,7,0.053,낮음
세종,2024,5,29.1,17.748387096774195,6.9,132.5,66.70967741935483,30.3,12.067741935483872,17.617204301075265,28.683870967741928,0,9,0,0.0,0.0,61.0,1.0,봄,1,7,0.041,낮음
세종,2024,6,36.2,23.703333333333333,13.1,78.0,63.86666666666667,26.2,12.42,23.559999999999995,13.903333333333329,4,7,0,0.0,0.0,61.0,1.0,여름,2,7,0.0,낮음
세종,2024,7,32.8,26.274193548387096,20.0,461.9,83.70967741935483,37.0,6.754838709677419,26.17096774193548,108.85806451612903,0,20,0,0.0,0.0,61.0,1.0,여름,2,7,0.285,낮음
세종,2024,8,35.2,28.312903225806455,20.8,53.1,76.87096774193549,27.9,8.567741935483872,28.362365591397847,12.435483870967744,12,10,1,0.0,7134.0,61.0,1.0,여름,2,7,0.0,낮음
세종,2024,9,36.0,25.24,14.9,154.9,76.36666666666666,21.3,8.713333333333333,25.428888888888885,36.400000000000006,2,8,0,0.0,0.0,61.0,1.0,가을,3,7,0.044,낮음
세종,2024,10,23.6,15.567741935483872,5.5,93.8,78.90322580645162,25.6,8.85483870967742,15.787096774193545,21.32903225806452,0,9,0,0.0,0.0,61.0,1.0,가을,3,7,0.047,낮음
세종,2024,11,22.5,8.79,-4.1,47.4,72.76666666666667,32.4,10.296666666666663,9.167777777777774,8.546666666666674,0,7,0,0.0,0.0,61.0,1.0,가을,3,7,0.101,낮음
세종,2024,12,16.0,0.4709677419354838,-6.4,4.1,66.06451612903226,23.6,8.667741935483871,0.5172043010752644,3.335483870967749,0,1,0,0.0,0.0,61.0,1.0,겨울,4,7,0.0,낮음
경기,2020,1,10.6,0.2548387096774193,-7.1,66.7,69.29032258064517,35.3,8.370967741935484,0.1338709677419354,14.703225806451613,0,4,0,0.0,0.0,0.0,0.0,겨울,4,8,0.0,낮음
경기,2020,2,14.7,1.0620689655172415,-11.8,62.5,68.89655172413794,30.4,9.06206896551724,0.9482758620689652,12.782758620689656,0,8,0,0.0,0.0,0.0,0.0,겨울,4,8,0.069,낮음
경기,2020,3,19.5,5.358064516129032,-6.0,22.3,64.80645161290323,38.8,11.52258064516129,5.272043010752687,7.335483870967742,0,4,0,0.0,0.0,0.0,0.0,봄,1,8,0.0,낮음
경기,2020,4,23.1,9.206666666666669,-0.9,24.3,59.766666666666666,35.2,11.363333333333332,8.978888888888887,5.88,0,2,0,0.0,0.0,0.0,0.0,봄,1,8,0.0,낮음
경기,2020,5,27.6,16.287096774193547,7.0,107.5,73.35483870967742,28.1,10.374193548387098,16.12795698924731,24.083870967741937,0,12,0,0.0,0.0,0.0,0.0,봄,1,8,0.142,낮음
경기,2020,6,32.8,21.77,11.8,155.0,75.16666666666667,33.0,9.793333333333331,21.745555555555555,22.973333333333336,0,10,0,0.0,0.0,0.0,0.0,여름,2,8,0.021,낮음
경기,2020,7,30.8,22.28064516129032,16.3,351.8,84.35483870967742,36.0,6.922580645161291,22.15806451612903,85.1,0,20,0,0.0,0.0,0.0,0.0,여름,2,8,0.0,낮음
경기,2020,8,32.2,25.325806451612905,20.1,688.3,89.29032258064517,38.8,5.7225806451612895,25.259139784946235,157.71290322580643,0,22,0,0.0,0.0,0.0,0.0,여름,2,8,0.039,낮음
경기,2020,9,29.1,19.58,11.6,189.3,78.83333333333333,39.4,7.583333333333333,19.85666666666667,49.22,0,11,0,0.0,0.0,0.0,0.0,가을,3,8,0.028,낮음
경기,2020,10,22.8,12.63548387096774,2.1,6.3,67.64516129032258,24.6,10.03225806451613,12.859139784946237,1.396774193548387,0,2,0,0.0,0.0,0.0,0.0,가을,3,8,0.078,낮음
경기,2020,11,19.2,6.3533333333333335,-5.1,50.1,69.86666666666666,27.7,9.083333333333334,6.774444444444444,11.85,0,5,1,0.0,770.0,0.0,0.0,가을,3,8,0.728,높음
경기,2020,12,9.1,-1.729032258064516,-12.3,4.9,60.774193548387096,26.8,8.393548387096773,-1.4849462365591397,1.0548387096774194,0,1,0,0.0,0.0,0.0,0.0,겨울,4,8,0.0,낮음
경기,2021,1,11.4,-3.361290322580645,-18.3,17.2,55.806451612903224,39.1,9.52258064516129,-3.680645161290323,3.6806451612903226,0,6,0,0.0,0.0,2490.0,1.0,겨울,4,8,0.163,낮음
경기,2021,2,16.9,0.9214285714285716,-10.8,10.3,61.642857142857146,34.2,10.832142857142856,0.7095238095238096,2.8571428571428563,0,4,0,0.0,0.0,2490.0,1.0,겨울,4,8,0.027,낮음
경기,2021,3,19.8,6.603225806451612,-4.4,99.7,73.06451612903226,32.4,11.229032258064516,6.501075268817204,20.280645161290323,0,7,1,0.0,959.0,2490.0,1.0,봄,1,8,0.86,높음
경기,2021,4,26.4,11.82,1.2,81.39999999999999,63.36666666666667,24.9,10.876666666666669,11.746666666666666,17.876666666666665,0,9,0,0.0,0.0,2490.0,1.0,봄,1,8,0.16,낮음
경기,2021,5,28.0,15.025806451612905,4.4,179.2,76.70967741935483,29.2,10.09032258064516,14.826881720430109,39.03548387096774,0,17,1,0.0,316.0,2490.0,1.0,봄,1,8,0.815,높음
경기,2021,6,30.0,20.903333333333332,11.9,83.0,81.56666666666666,28.6,8.876666666666667,20.75,21.97666666666667,0,11,0,0.0,0.0,2490.0,1.0,여름,2,8,0.113,낮음
경기,2021,7,35.6,26.25483870967742,18.8,145.1,78.25806451612904,30.1,8.093548387096774,26.069892473118284,34.17741935483871,7,12,0,0.0,0.0,2490.0,1.0,여름,2,8,0.075,낮음
경기,2021,8,31.8,24.51935483870968,17.8,251.9,80.09677419354838,37.1,7.148387096774194,24.76129032258065,49.80322580645161,0,18,0,0.0,0.0,2490.0,1.0,여름,2,8,0.046,낮음
경기,2021,9,27.6,21.016666666666666,14.1,165.6,78.86666666666666,26.4,7.513333333333333,21.064444444444447,43.416666666666664,0,8,0,0.0,0.0,2490.0,1.0,가을,3,8,0.006,낮음
경기,2021,10,27.2,14.083870967741936,0.1,61.4,76.87096774193549,28.7,8.816129032258065,14.30430107526882,16.496774193548386,0,12,0,0.0,0.0,2490.0,1.0,가을,3,8,0.035,낮음
경기,2021,11,19.5,6.463333333333334,-4.8,59.9,75.73333333333333,31.1,9.746666666666666,6.7166666666666694,10.416666666666666,0,6,2,0.0,7865.0,2490.0,1.0,가을,3,8,1.536,매우높음
경기,2021,12,10.6,-0.6903225806451614,-14.6,8.1,65.35483870967742,30.9,9.283870967741937,-0.3387096774193521,5.758064516129032,0,3,0,0.0,0.0,2490.0,1.0,겨울,4,8,0.091,낮음
경기,2022,1,7.9,-3.1451612903225805,-10.6,6.4,55.16129032258065,28.1,8.62258064516129,-3.2451612903225784,1.393548387096774,0,0,0,0.0,0.0,2514.0,4.0,겨울,4,8,0.031,낮음
경기,2022,2,9.6,-2.2785714285714285,-10.4,2.8000000000000003,56.67857142857143,29.3,9.142857142857142,-2.4595238095238066,0.8428571428571426,0,1,0,0.0,0.0,2514.0,4.0,겨울,4,8,0.051,낮음
경기,2022,3,19.9,5.380645161290323,-5.2,69.8,70.03225806451613,34.2,11.216129032258063,5.172043010752692,14.751612903225803,0,9,0,0.0,0.0,2514.0,4.0,봄,1,8,0.053,낮음
경기,2022,4,24.5,11.586666666666668,-1.5,38.4,68.0,26.2,12.253333333333334,11.48777777777778,6.546666666666663,0,5,1,0.0,1645.0,2514.0,4.0,봄,1,8,0.747,높음
경기,2022,5,28.1,16.5258064516129,3.9,14.7,63.29032258064516,26.8,12.274193548387096,16.291397849462367,6.64838709677419,0,4,0,0.0,0.0,2514.0,4.0,봄,1,8,0.147,낮음
경기,2022,6,30.7,21.853333333333335,11.6,259.0,75.43333333333334,33.7,9.31,21.68666666666667,39.17999999999999,0,13,0,0.0,0.0,2514.0,4.0,여름,2,8,0.0,낮음
경기,2022,7,33.0,25.44193548387097,19.5,195.9,83.16129032258064,23.1,7.348387096774194,25.345161290322583,58.03548387096774,1,16,0,0.0,0.0,2514.0,4.0,여름,2,8,0.106,낮음
경기,2022,8,31.2,23.983870967741936,13.5,416.8,86.48387096774194,33.4,6.154838709677419,24.209677419354843,94.11290322580643,0,23,0,0.0,0.0,2514.0,4.0,여름,2,8,0.002,낮음
경기,2022,9,30.7,20.31,10.6,177.60000000000002,76.13333333333334,33.1,9.423333333333334,20.420000000000005,48.51999999999999,0,8,0,0.0,0.0,2514.0,4.0,가을,3,8,0.087,낮음
경기,2022,10,24.6,12.54516129032258,2.5,130.4,74.6774193548387,27.9,9.35483870967742,12.673118279569897,29.445161290322567,0,5,0,0.0,0.0,2514.0,4.0,가을,3,8,0.069,낮음
경기,2022,11,22.4,8.053333333333333,-8.7,53.8,70.73333333333333,26.5,10.713333333333331,8.542222222222225,8.663333333333322,0,7,0,0.0,0.0,2514.0,4.0,가을,3,8,0.133,낮음
경기,2022,12,8.6,-4.187096774193549,-18.3,15.8,57.193548387096776,29.5,8.561290322580646,-4.173118279569888,7.287096774193535,0,5,1,0.0,26400.0,2514.0,4.0,겨울,4,8,0.66,보통
경기,2023,1,11.9,-2.7483870967741937,-17.9,33.2,59.70967741935484,29.6,9.125806451612902,-2.806451612903221,7.419354838709664,0,6,1,0.0,6006.0,2731.0,2.0,겨울,4,8,0.519,보통
경기,2023,2,9.9,0.4285714285714285,-6.9,1.3000000000000005,64.42857142857143,24.7,9.903571428571428,0.3297619047619092,0.4607142857142751,0,1,0,0.0,0.0,2731.0,2.0,겨울,4,8,0.167,낮음
경기,2023,3,24.0,7.487096774193549,-4.7,15.1,58.0,29.1,13.093548387096776,7.187096774193552,3.409677419354829,0,3,0,0.0,0.0,2731.0,2.0,봄,1,8,0.326,보통
경기,2023,4,26.7,11.956666666666669,0.1,99.6,63.8,38.6,11.756666666666666,11.931111111111116,19.969999999999985,0,10,0,0.0,0.0,2731.0,2.0,봄,1,8,0.085,낮음
경기,2023,5,30.2,17.44516129032258,3.9,168.0,67.48387096774194,28.5,11.667741935483871,17.1741935483871,34.03548387096773,0,5,1,0.0,2955.0,2731.0,2.0,봄,1,8,0.11,낮음
경기,2023,6,35.0,21.526666666666664,13.1,230.9,77.76666666666667,23.6,9.206666666666669,21.42555555555556,45.676666666666655,1,12,0,0.0,0.0,2731.0,2.0,여름,2,8,0.0,낮음
경기,2023,7,33.2,24.958064516129035,20.4,418.5,86.45161290322581,25.1,6.758064516129033,24.841935483870973,108.77419354838706,1,19,0,0.0,0.0,2731.0,2.0,여름,2,8,0.351,보통
경기,2023,8,33.6,25.538709677419355,19.5,282.0,84.2258064516129,28.5,7.02258064516129,25.704301075268823,57.5064516129032,2,15,0,0.0,0.0,2731.0,2.0,여름,2,8,0.292,낮음
경기,2023,9,30.5,21.98,13.3,207.1,81.66666666666667,26.1,7.256666666666666,22.09555555555556,51.886666666666635,0,15,0,0.0,0.0,2731.0,2.0,가을,3,8,0.1,낮음
경기,2023,10,21.9,13.8,4.2,37.7,74.61290322580645,25.1,9.264516129032256,14.00645161290323,11.761290322580615,0,7,0,0.0,0.0,2731.0,2.0,가을,3,8,0.282,낮음
경기,2023,11,22.9,5.3133333333333335,-7.8,152.4,71.63333333333334,33.4,8.713333333333333,5.851111111111117,35.48666666666664,0,9,0,0.0,0.0,2731.0,2.0,가을,3,8,0.23,낮음
경기,2023,12,15.9,0.2161290322580645,-14.6,86.8,68.54838709677419,32.1,8.216129032258063,0.0483870967742,17.758064516129004,0,9,0,0.0,0.0,2731.0,2.0,겨울,4,8,0.462,보통
경기,2024,1,8.9,-1.8483870967741935,-14.6,24.0,66.12903225806451,27.0,8.335483870967742,-1.8612903225806388,7.512903225806427,0,6,0,0.0,0.0,2684.0,2.0,겨울,4,8,0.183,낮음
경기,2024,2,16.4,2.206896551724138,-6.3,67.7,77.37931034482759,24.5,8.76551724137931,2.1482758620689717,16.127586206896527,0,10,0,0.0,0.0,2684.0,2.0,겨울,4,8,0.02,낮음
경기,2024,3,20.0,4.887096774193548,-8.1,45.3,65.74193548387096,30.8,10.6,4.762365591397857,9.06129032258062,0,10,1,0.0,996.0,2684.0,2.0,봄,1,8,0.202,낮음
경기,2024,4,26.6,13.773333333333332,2.8,45.5,66.63333333333334,22.1,11.823333333333332,13.477777777777789,12.049999999999976,0,6,0,0.0,0.0,2684.0,2.0,봄,1,8,0.214,낮음
경기,2024,5,26.4,16.161290322580644,6.1,124.1,72.93548387096774,31.7,10.67741935483871,16.110752688172052,27.74516129032256,0,8,1,0.0,311.0,2684.0,2.0,봄,1,8,0.419,보통
경기,2024,6,33.9,21.86,11.6,115.3,71.63333333333334,28.9,11.386666666666668,21.674444444444458,20.606666666666644,2,7,0,0.0,0.0,2684.0,2.0,여름,2,8,0.145,낮음
경기,2024,7,32.5,25.200000000000003,19.6,439.2,86.74193548387096,32.0,6.493548387096775,25.064516129032267,103.49999999999996,0,25,1,0.0,238.0,2684.0,2.0,여름,2,8,0.351,보통
경기,2024,8,34.1,27.16774193548387,19.9,128.2,82.87096774193549,28.2,7.5,27.23978494623657,30.76451612903223,2,17,0,0.0,0.0,2684.0,2.0,여름,2,8,0.241,낮음
경기,2024,9,32.8,23.776666666666664,14.9,257.1,79.83333333333333,24.0,7.403333333333333,23.916666666666675,60.11666666666664,0,13,0,0.0,0.0,2684.0,2.0,가을,3,8,0.0,낮음
경기,2024,10,23.5,15.05483870967742,5.2,73.5,75.96774193548387,28.2,8.758064516129032,15.293548387096784,16.66451612903223,0,5,0,0.0,0.0,2684.0,2.0,가을,3,8,0.102,낮음
경기,2024,11,22.3,8.016666666666667,-9.8,50.9,71.73333333333333,27.1,8.69,8.493333333333343,8.423333333333307,0,6,1,0.0,27027.0,2684.0,2.0,가을,3,8,0.135,낮음
경기,2024,12,11.6,-0.7806451612903226,-8.9,8.5,62.61290322580645,23.7,7.038709677419354,-0.8193548387096686,5.2999999999999785,0,2,1,0.0,1771.0,2684.0,2.0,겨울,4,8,0.099,낮음
강원,2020,1,11.1,0.3193548387096774,-7.4,82.1,66.93548387096774,22.5,8.625806451612902,0.1763440860215053,18.174193548387095,0,5,0,0.0,0.0,0.0,0.0,겨울,4,9,0.026,낮음
강원,2020,2,15.6,1.2,-10.2,54.7,65.48275862068965,30.0,9.558620689655172,1.089655172413793,11.241379310344827,0,7,0,0.0,0.0,0.0,0.0,겨울,4,9,0.043,낮음
강원,2020,3,20.8,5.670967741935484,-5.5,26.5,63.483870967741936,32.0,12.725806451612904,5.536559139784946,7.977419354838709,0,6,0,0.0,0.0,0.0,0.0,봄,1,9,0.0,낮음
강원,2020,4,23.8,9.126666666666669,-1.9,25.0,57.36666666666667,29.8,13.553333333333336,8.95,6.026666666666667,0,4,0,0.0,0.0,0.0,0.0,봄,1,9,0.02,낮음
강원,2020,5,28.1,16.706451612903226,6.0,140.5,72.74193548387096,25.1,11.206451612903225,16.529032258064515,31.51935483870968,0,10,1,0.0,52525.0,0.0,0.0,봄,1,9,0.602,보통
강원,2020,6,34.4,22.766666666666666,11.3,128.89999999999998,70.86666666666666,23.5,10.509999999999998,22.73444444444444,20.66,2,10,0,0.0,0.0,0.0,0.0,여름,2,9,0.021,낮음
강원,2020,7,30.5,22.9,15.5,217.4,80.74193548387096,24.7,7.887096774193548,22.77849462365591,51.61935483870969,0,17,0,0.0,0.0,0.0,0.0,여름,2,9,0.036,낮음
강원,2020,8,32.2,25.432258064516127,19.5,663.9,88.0,27.6,5.822580645161291,25.404301075268815,148.20967741935485,0,22,0,0.0,0.0,0.0,0.0,여름,2,9,0.0,낮음
강원,2020,9,27.9,19.21333333333333,9.6,202.2,80.4,34.6,8.036666666666667,19.47888888888889,55.63,0,11,0,0.0,0.0,0.0,0.0,가을,3,9,0.117,낮음
강원,2020,10,23.0,12.158064516129032,0.2,4.800000000000001,70.29032258064517,19.9,11.141935483870968,12.41505376344086,1.245161290322586,0,1,0,0.0,0.0,0.0,0.0,가을,3,9,0.105,낮음
강원,2020,11,19.7,6.1899999999999995,-5.1,48.7,69.16666666666667,24.7,10.073333333333332,6.574444444444441,11.54333333333334,0,4,1,0.0,47.0,0.0,0.0,가을,3,9,0.672,보통
강원,2020,12,9.1,-1.896774193548387,-13.1,4.1,58.483870967741936,19.4,8.303225806451612,-1.6559139784946273,0.9000000000000044,0,1,0,0.0,0.0,0.0,0.0,겨울,4,9,0.0,낮음
강원,2021,1,13.0,-3.641935483870968,-19.2,13.1,52.774193548387096,30.7,10.083870967741936,-3.9247311827957017,2.761290322580652,0,4,0,0.0,0.0,432.0,2.0,겨울,4,9,0.028,낮음
강원,2021,2,17.0,0.9392857142857144,-11.5,7.3,57.57142857142857,24.9,11.485714285714286,0.7547619047619017,2.071428571428577,0,3,0,0.0,0.0,432.0,2.0,겨울,4,9,0.0,낮음
강원,2021,3,20.2,6.716129032258064,-5.8,100.8,69.16129032258064,25.3,12.329032258064515,6.547311827956986,20.319354838709685,0,8,0,0.0,0.0,432.0,2.0,봄,1,9,0.201,낮음
강원,2021,4,25.4,11.433333333333334,-0.3,87.0,65.43333333333334,25.5,12.38,11.388888888888886,19.60000000000001,0,7,1,0.0,402725.0,432.0,2.0,봄,1,9,0.594,보통
강원,2021,5,27.9,15.15483870967742,4.4,192.2,75.25806451612904,28.3,11.370967741935484,14.954838709677416,41.25483870967742,0,14,0,0.0,0.0,432.0,2.0,봄,1,9,0.147,낮음
강원,2021,6,30.0,21.03,12.5,77.6,80.13333333333334,21.8,9.38,20.85,21.923333333333336,0,14,1,0.0,9075.0,432.0,2.0,여름,2,9,0.718,높음
강원,2021,7,35.2,26.458064516129035,18.0,162.4,79.06451612903226,17.4,8.948387096774194,26.2516129032258,37.53225806451613,8,15,0,0.0,0.0,432.0,2.0,여름,2,9,0.061,낮음
강원,2021,8,33.1,24.312903225806455,17.8,248.7,80.96774193548387,29.1,7.583870967741936,24.566666666666663,47.62903225806452,1,19,0,0.0,0.0,432.0,2.0,여름,2,9,0.021,낮음
강원,2021,9,28.2,20.6,13.9,189.9,80.73333333333333,21.4,8.56,20.629999999999995,49.166666666666664,0,10,1,0.0,60.0,432.0,2.0,가을,3,9,0.739,높음
강원,2021,10,27.1,14.00967741935484,0.2,70.1,79.16129032258064,23.2,9.138709677419357,14.305376344086016,20.32903225806452,0,10,0,0.0,0.0,432.0,2.0,가을,3,9,0.026,낮음
강원,2021,11,19.9,5.916666666666667,-4.9,43.1,73.8,28.1,9.983333333333333,6.17333333333333,6.016666666666667,0,3,0,0.0,0.0,432.0,2.0,가을,3,9,0.119,낮음
강원,2021,12,11.3,-0.6161290322580646,-15.1,4.6,64.16129032258064,26.6,8.861290322580645,-0.3107526881720466,4.974193548387096,0,1,0,0.0,0.0,432.0,2.0,겨울,4,9,0.0,낮음
강원,2022,1,8.4,-2.8161290322580643,-10.2,4.7,54.0,20.8,9.080645161290322,-2.9021505376344123,1.0548387096774194,0,2,0,0.0,0.0,446.0,3.0,겨울,4,9,0.079,낮음
강원,2022,2,10.0,-2.0285714285714285,-9.7,6.800000000000001,49.964285714285715,26.0,9.532142857142857,-2.225000000000003,1.1928571428571428,0,2,0,0.0,0.0,446.0,3.0,겨울,4,9,0.0,낮음
강원,2022,3,18.6,5.619354838709677,-5.1,82.5,66.16129032258064,26.1,12.174193548387098,5.44838709677419,18.112903225806452,0,6,0,0.0,0.0,446.0,3.0,봄,1,9,0.02,낮음
강원,2022,4,27.7,12.346666666666666,-1.1,30.1,58.666666666666664,25.8,13.906666666666666,12.248888888888889,5.1866666666666665,0,3,0,0.0,0.0,446.0,3.0,봄,1,9,0.016,낮음
강원,2022,5,31.1,17.32903225806452,2.8,11.8,55.96774193548387,26.4,14.46774193548387,17.049462365591392,5.232258064516128,0,3,0,0.0,0.0,446.0,3.0,봄,1,9,0.011,낮음
강원,2022,6,33.6,21.723333333333336,11.2,313.9,74.46666666666667,26.0,10.06,21.569999999999997,38.126666666666665,1,14,0,0.0,0.0,446.0,3.0,여름,2,9,0.062,낮음
강원,2022,7,33.6,25.806451612903224,19.6,211.8,82.6774193548387,19.8,7.980645161290322,25.701075268817203,71.09032258064516,2,21,0,0.0,0.0,446.0,3.0,여름,2,9,0.026,낮음
강원,2022,8,31.6,24.270967741935483,12.5,398.2,84.87096774193549,23.6,6.590322580645162,24.497849462365583,96.28709677419356,0,22,0,0.0,0.0,446.0,3.0,여름,2,9,0.016,낮음
강원,2022,9,31.1,20.263333333333332,9.3,177.6,75.93333333333334,27.4,10.153333333333334,20.319999999999997,46.14333333333334,0,6,1,0.0,46200.0,446.0,3.0,가을,3,9,0.562,보통
강원,2022,10,25.7,12.264516129032256,1.4,150.6,77.90322580645162,24.6,9.77741935483871,12.48602150537634,34.00645161290323,0,6,0,0.0,0.0,446.0,3.0,가을,3,9,0.066,낮음
강원,2022,11,21.6,7.563333333333333,-8.4,67.6,73.26666666666667,18.4,11.36,7.986666666666664,11.663333333333332,0,7,0,0.0,0.0,446.0,3.0,가을,3,9,0.063,낮음
강원,2022,12,7.4,-4.090322580645161,-16.3,7.6,54.12903225806452,22.1,8.290322580645162,-4.046236559139788,5.693548387096774,0,3,0,0.0,0.0,446.0,3.0,겨울,4,9,0.0,낮음
강원,2023,1,11.4,-3.0548387096774197,-20.6,34.300000000000004,57.03225806451613,21.7,9.7,-3.060215053763444,7.548387096774195,0,4,0,0.0,0.0,511.0,1.0,겨울,4,9,0.23,낮음
강원,2023,2,11.7,0.4678571428571428,-7.1,1.5,59.82142857142857,19.5,11.00357142857143,0.2904761904761868,0.5928571428571454,0,0,1,0.0,2420.0,511.0,1.0,겨울,4,9,0.0,낮음
강원,2023,3,22.3,7.609677419354839,-5.5,22.1,57.774193548387096,28.1,14.225806451612904,7.297849462365587,4.990322580645164,0,3,0,0.0,0.0,511.0,1.0,봄,1,9,0.021,낮음
강원,2023,4,25.9,11.56,-1.0,99.4,65.53333333333333,23.4,12.313333333333333,11.56222222222222,19.026666666666667,0,12,0,0.0,0.0,511.0,1.0,봄,1,9,0.439,보통
강원,2023,5,29.3,17.258064516129032,2.4,127.5,67.74193548387096,25.9,12.36774193548387,17.004301075268813,27.2258064516129,0,7,1,0.0,1917.0,511.0,1.0,봄,1,9,0.268,낮음
강원,2023,6,34.8,22.03,12.8,224.4,75.03333333333333,21.1,10.359999999999998,21.88333333333333,40.53999999999999,2,12,0,0.0,0.0,511.0,1.0,여름,2,9,0.098,낮음
강원,2023,7,33.4,25.596774193548388,18.6,397.2,84.83870967741936,22.9,7.596774193548387,25.48817204301075,106.26774193548388,2,17,0,0.0,0.0,511.0,1.0,여름,2,9,0.191,낮음
강원,2023,8,33.5,25.751612903225805,20.0,351.4,83.45161290322581,30.6,7.17741935483871,25.91827956989247,71.13870967741934,2,20,0,0.0,0.0,511.0,1.0,여름,2,9,0.062,낮음
강원,2023,9,30.4,21.75,12.8,123.3,83.33333333333333,22.6,8.026666666666666,21.88444444444444,36.24666666666666,0,10,0,0.0,0.0,511.0,1.0,가을,3,9,0.097,낮음
강원,2023,10,22.0,13.1,2.8,25.0,78.51612903225806,19.9,10.13225806451613,13.31612903225806,6.919354838709671,0,5,0,0.0,0.0,511.0,1.0,가을,3,9,0.255,낮음
강원,2023,11,22.9,4.96,-8.1,81.4,72.36666666666666,30.4,9.046666666666663,5.4888888888888845,18.753333333333323,0,6,0,0.0,0.0,511.0,1.0,가을,3,9,0.17,낮음
강원,2023,12,15.1,-0.6129032258064516,-14.5,80.60000000000001,66.64516129032258,26.3,8.600000000000001,-0.773118279569897,16.06774193548386,0,8,0,0.0,0.0,511.0,1.0,겨울,4,9,0.173,낮음
강원,2024,1,9.8,-1.903225806451613,-14.6,11.8,63.193548387096776,22.2,8.580645161290322,-1.936559139784951,5.187096774193537,0,5,0,0.0,0.0,583.0,2.0,겨울,4,9,0.031,낮음
강원,2024,2,15.9,1.696551724137931,-6.1,53.4,74.6896551724138,24.3,9.444827586206896,1.6724137931034433,12.696551724137915,0,9,0,0.0,0.0,583.0,2.0,겨울,4,9,0.024,낮음
강원,2024,3,20.0,4.312903225806451,-8.5,43.8,65.58064516129032,29.6,11.709677419354838,4.163440860215049,9.112903225806438,0,8,0,0.0,0.0,583.0,2.0,봄,1,9,0.0,낮음
강원,2024,4,27.6,13.536666666666669,1.3,30.3,67.36666666666666,20.8,12.566666666666666,13.29333333333333,8.059999999999988,0,5,0,0.0,0.0,583.0,2.0,봄,1,9,0.156,낮음
강원,2024,5,27.2,16.65806451612903,6.7,116.8,70.2258064516129,30.1,11.33548387096774,16.51290322580645,26.31612903225805,0,7,0,0.0,0.0,583.0,2.0,봄,1,9,0.15,낮음
강원,2024,6,34.3,22.90666666666667,10.7,112.6,68.1,22.8,11.796666666666663,22.737777777777772,19.71333333333332,3,7,1,0.0,3999.0,583.0,2.0,여름,2,9,0.017,낮음
강원,2024,7,32.8,25.4,19.7,416.7000000000001,85.87096774193549,37.9,6.825806451612903,25.28602150537634,97.72903225806448,0,24,0,0.0,0.0,583.0,2.0,여름,2,9,0.136,낮음
강원,2024,8,35.0,27.43548387096774,19.8,137.39999999999998,82.16129032258064,22.5,8.187096774193547,27.50860215053763,33.75161290322579,9,9,0,0.0,0.0,583.0,2.0,여름,2,9,0.124,낮음
강원,2024,9,33.1,22.993333333333332,11.9,261.1,82.06666666666666,22.2,8.153333333333332,23.194444444444443,60.89999999999997,1,11,0,0.0,0.0,583.0,2.0,가을,3,9,0.02,낮음
강원,2024,10,23.0,14.380645161290325,4.7,63.9,80.54838709677419,24.3,9.725806451612904,14.579569892473115,14.49677419354836,0,5,0,0.0,0.0,583.0,2.0,가을,3,9,0.203,낮음
강원,2024,11,20.5,7.563333333333333,-4.6,27.999999999999996,78.43333333333334,23.4,9.836666666666668,7.971111111111109,4.639999999999977,0,2,0,0.0,0.0,583.0,2.0,가을,3,9,0.281,낮음
강원,2024,12,11.9,-1.2096774193548387,-12.9,5.7,61.645161290322584,24.6,8.064516129032258,-1.1817204301075293,2.8419354838709494,0,2,0,0.0,0.0,583.0,2.0,겨울,4,9,0.0,낮음
충북,2020,1,12.3,1.367741935483871,-7.4,73.1,71.38709677419355,30.6,8.570967741935483,1.2327956989247313,15.87741935483871,0,4,0,0.0,0.0,0.0,0.0,겨울,4,10,0.002,낮음
충북,2020,2,16.8,2.341379310344828,-9.5,62.7,68.37931034482759,31.1,9.862068965517242,2.2448275862068963,12.803448275862069,0,6,0,0.0,0.0,0.0,0.0,겨울,4,10,0.0,낮음
충북,2020,3,21.3,6.72258064516129,-4.8,32.9,64.6774193548387,32.1,12.438709677419356,6.5752688172043,9.396774193548389,0,4,0,0.0,0.0,0.0,0.0,봄,1,10,0.029,낮음
충북,2020,4,26.0,10.6,-1.8,29.3,52.1,34.7,13.393333333333334,10.381111111111112,7.686666666666667,0,4,0,0.0,0.0,0.0,0.0,봄,1,10,0.056,낮음
충북,2020,5,30.1,18.425806451612903,6.7,101.2,65.0,28.9,12.003225806451612,18.23440860215054,22.83225806451613,0,11,0,0.0,0.0,0.0,0.0,봄,1,10,0.0,낮음
충북,2020,6,35.5,23.84333333333333,13.4,136.8,69.43333333333334,35.5,10.5,23.87777777777778,21.93,3,12,0,0.0,0.0,0.0,0.0,여름,2,10,0.0,낮음
충북,2020,7,31.7,23.26451612903226,16.7,346.2,82.61290322580645,38.9,6.909677419354838,23.146236559139787,77.86129032258064,0,19,0,0.0,0.0,0.0,0.0,여름,2,10,0.0,낮음
충북,2020,8,33.1,26.53548387096774,21.0,437.2,86.16129032258064,38.1,6.106451612903226,26.48924731182796,103.39032258064518,1,21,1,0.0,95482.0,0.0,0.0,여름,2,10,0.525,보통
충북,2020,9,30.2,20.103333333333335,10.7,199.7,79.23333333333333,37.6,7.983333333333333,20.386666666666667,52.080000000000005,0,12,0,0.0,0.0,0.0,0.0,가을,3,10,0.0,낮음
충북,2020,10,23.4,12.996774193548386,2.2,12.6,69.41935483870968,22.2,10.59032258064516,13.197849462365593,2.8903225806451625,0,1,0,0.0,0.0,0.0,0.0,가을,3,10,0.02,낮음
충북,2020,11,21.5,7.430000000000001,-4.4,48.4,68.1,26.9,9.64,7.836666666666668,11.293333333333331,0,4,0,0.0,0.0,0.0,0.0,가을,3,10,0.052,낮음
충북,2020,12,10.1,-0.7096774193548387,-11.3,4.5,61.96774193548387,24.8,8.658064516129032,-0.4741935483870955,0.7967741935483872,0,2,0,0.0,0.0,0.0,0.0,겨울,4,10,0.009,낮음
충북,2021,1,12.4,-1.7516129032258063,-17.2,16.400000000000002,59.064516129032256,34.4,9.793548387096775,-2.0548387096774174,3.709677419354838,0,6,0,0.0,0.0,346.0,1.0,겨울,4,10,0.0,낮음
충북,2021,2,19.0,2.457142857142857,-9.8,14.5,61.32142857142857,30.8,11.2,2.2547619047619065,3.796428571428571,0,5,0,0.0,0.0,346.0,1.0,겨울,4,10,0.0,낮음
충북,2021,3,22.0,8.235483870967743,-4.2,97.4,69.3225806451613,28.9,11.961290322580645,8.100000000000001,19.996774193548383,0,8,0,0.0,0.0,346.0,1.0,봄,1,10,0.034,낮음
충북,2021,4,29.1,13.65,1.5,67.9,53.666666666666664,36.0,11.996666666666668,13.572222222222225,16.113333333333333,0,7,0,0.0,0.0,346.0,1.0,봄,1,10,0.0,낮음
충북,2021,5,31.5,16.970967741935485,6.0,139.1,68.96774193548387,34.4,10.832258064516129,16.77956989247312,29.580645161290324,0,16,0,0.0,0.0,346.0,1.0,봄,1,10,0.075,낮음
충북,2021,6,32.3,22.626666666666665,12.2,109.0,74.46666666666667,24.0,9.42,22.501111111111115,26.033333333333335,0,17,0,0.0,0.0,346.0,1.0,여름,2,10,0.008,낮음
충북,2021,7,38.3,27.27741935483871,19.2,185.0,74.48387096774194,28.7,8.938709677419356,27.038709677419355,44.60322580645161,11,14,0,0.0,0.0,346.0,1.0,여름,2,10,0.095,낮음
충북,2021,8,36.3,25.483870967741936,17.1,251.3,77.51612903225806,32.4,7.883870967741935,25.76451612903226,53.851612903225806,12,20,0,0.0,0.0,346.0,1.0,여름,2,10,0.018,낮음
충북,2021,9,28.0,21.516666666666666,13.7,185.3,79.8,27.5,7.9,21.564444444444447,39.85,0,11,0,0.0,0.0,346.0,1.0,가을,3,10,0.009,낮음
충북,2021,10,29.2,15.01290322580645,0.4,42.9,75.29032258064517,23.1,9.332258064516129,15.23978494623656,16.07096774193549,0,9,0,0.0,0.0,346.0,1.0,가을,3,10,0.0,낮음
충북,2021,11,20.5,7.77,-4.0,53.5,73.96666666666667,27.0,10.27,8.012222222222224,8.483333333333341,0,5,0,0.0,0.0,346.0,1.0,가을,3,10,0.0,낮음
충북,2021,12,13.3,0.6806451612903226,-13.6,8.299999999999999,66.64516129032258,29.0,9.974193548387095,1.0365591397849483,5.451612903225814,0,2,0,0.0,0.0,346.0,1.0,겨울,4,10,0.0,낮음
충북,2022,1,9.6,-1.832258064516129,-10.0,3.7,56.67741935483871,28.1,9.461290322580645,-1.8967741935483848,1.129032258064523,0,1,0,0.0,0.0,326.0,0.0,겨울,4,10,0.009,낮음
충북,2022,2,11.6,-0.9392857142857144,-9.1,4.0,54.392857142857146,28.5,9.585714285714284,-1.171428571428569,0.8142857142857203,0,1,0,0.0,0.0,326.0,0.0,겨울,4,10,0.0,낮음
충북,2022,3,22.1,7.416129032258064,-4.7,81.6,65.45161290322581,29.8,12.235483870967744,7.201075268817207,17.680645161290325,0,7,0,0.0,0.0,326.0,0.0,봄,1,10,0.034,낮음
충북,2022,4,29.0,14.236666666666668,0.8,60.8,54.56666666666667,26.9,14.156666666666666,14.174444444444449,11.64333333333334,0,5,0,0.0,0.0,326.0,0.0,봄,1,10,0.007,낮음
충북,2022,5,32.8,19.067741935483873,5.4,14.6,50.935483870967744,30.0,14.087096774193547,18.789247311827957,6.338709677419362,0,3,0,0.0,0.0,326.0,0.0,봄,1,10,0.0,낮음
충북,2022,6,36.5,23.59333333333333,12.3,152.1,69.76666666666667,33.2,10.716666666666669,23.441111111111113,27.370000000000008,3,16,0,0.0,0.0,326.0,0.0,여름,2,10,0.004,낮음
충북,2022,7,35.5,26.55483870967742,19.5,211.2,80.16129032258064,21.3,8.13225806451613,26.501075268817207,49.42903225806453,3,18,0,0.0,0.0,326.0,0.0,여름,2,10,0.059,낮음
충북,2022,8,33.1,25.306451612903224,14.1,366.4,84.09677419354838,31.4,6.5838709677419365,25.517204301075267,73.05806451612904,1,23,0,0.0,0.0,326.0,0.0,여름,2,10,0.0,낮음
충북,2022,9,31.1,21.236666666666668,10.4,116.5,73.96666666666667,35.3,9.85,21.294444444444444,43.85,0,6,0,0.0,0.0,326.0,0.0,가을,3,10,0.053,낮음
충북,2022,10,27.1,13.738709677419354,2.8,63.7,73.96774193548387,25.5,9.625806451612902,13.912903225806453,14.36774193548387,0,7,0,0.0,0.0,326.0,0.0,가을,3,10,0.006,낮음
충북,2022,11,23.7,8.95,-7.8,58.7,70.56666666666666,22.1,10.97,9.413333333333334,9.213333333333331,0,6,0,0.0,0.0,326.0,0.0,가을,3,10,0.0,낮음
충북,2022,12,10.3,-3.5161290322580645,-17.1,16.1,65.35483870967742,24.7,9.12258064516129,-3.430107526881719,7.990322580645161,0,3,0,0.0,0.0,326.0,0.0,겨울,4,10,0.029,낮음
충북,2023,1,14.1,-1.2935483870967743,-16.1,31.200000000000003,62.03225806451613,28.5,9.170967741935485,-1.3924731182795689,6.990322580645162,0,6,0,0.0,0.0,403.0,0.0,겨울,4,10,0.0,낮음
충북,2023,2,12.3,1.6214285714285714,-7.2,3.9,64.67857142857143,26.7,10.728571428571428,1.5071428571428582,1.0357142857142858,0,1,0,0.0,0.0,403.0,0.0,겨울,4,10,0.0,낮음
충북,2023,3,25.6,9.5,-4.2,27.299999999999997,52.83870967741935,29.5,14.087096774193547,9.174193548387098,6.141935483870968,0,2,0,0.0,0.0,403.0,0.0,봄,1,10,0.041,낮음
충북,2023,4,27.0,13.55,0.5,73.5,59.46666666666667,36.6,12.64,13.54111111111111,15.206666666666669,0,8,0,0.0,0.0,403.0,0.0,봄,1,10,0.0,낮음
충북,2023,5,33.5,19.46451612903226,5.4,143.9,59.12903225806452,26.7,12.37741935483871,19.22795698924731,26.37741935483871,1,7,0,0.0,0.0,403.0,0.0,봄,1,10,0.11,낮음
충북,2023,6,35.8,23.74,13.8,149.3,67.96666666666667,23.6,10.973333333333334,23.62222222222222,30.936666666666664,3,14,0,0.0,0.0,403.0,0.0,여름,2,10,0.05,낮음
충북,2023,7,33.7,25.958064516129035,19.9,453.5,84.61290322580645,27.9,7.267741935483872,25.861290322580643,111.72258064516129,1,20,0,0.0,0.0,403.0,0.0,여름,2,10,0.0,낮음
충북,2023,8,34.5,26.65806451612903,18.7,427.0,82.06451612903226,33.8,8.074193548387097,26.83978494623656,86.6258064516129,8,19,0,0.0,0.0,403.0,0.0,여름,2,10,0.176,낮음
충북,2023,9,30.6,22.603333333333335,14.1,290.7,81.43333333333334,32.5,7.783333333333333,22.694444444444443,76.17666666666668,0,14,0,0.0,0.0,403.0,0.0,가을,3,10,0.026,낮음
충북,2023,10,22.4,14.383870967741936,3.7,21.2,74.12903225806451,24.3,10.406451612903227,14.574193548387097,8.748387096774193,0,4,0,0.0,0.0,403.0,0.0,가을,3,10,0.123,낮음
충북,2023,11,24.0,6.72,-7.4,76.7,70.8,38.5,9.67,7.233333333333332,17.610000000000003,0,8,0,0.0,0.0,403.0,0.0,가을,3,10,0.301,보통
충북,2023,12,17.7,1.803225806451613,-13.3,86.10000000000001,68.48387096774194,32.3,8.196774193548388,1.6516129032258058,18.932258064516127,0,8,0,0.0,0.0,403.0,0.0,겨울,4,10,0.179,낮음
충북,2024,1,10.2,-0.6000000000000001,-12.6,27.3,68.45161290322581,27.3,8.893548387096773,-0.5935483870967747,7.180645161290323,0,6,0,0.0,0.0,400.0,0.0,겨울,4,10,0.0,낮음
충북,2024,2,16.7,3.524137931034483,-4.8,74.7,77.34482758620689,25.7,9.13103448275862,3.463218390804597,17.662068965517243,0,11,0,0.0,0.0,400.0,0.0,겨울,4,10,0.0,낮음
충북,2024,3,18.8,5.941935483870967,-7.8,53.5,67.45161290322581,36.3,11.02258064516129,5.81505376344086,10.535483870967742,0,9,0,0.0,0.0,400.0,0.0,봄,1,10,0.0,낮음
충북,2024,4,27.6,15.123333333333331,2.8,50.2,66.1,23.7,11.563333333333333,14.82777777777778,13.65,0,6,1,0.0,114400.0,400.0,0.0,봄,1,10,0.007,낮음
충북,2024,5,28.6,17.970967741935485,7.0,131.6,65.64516129032258,31.9,12.129032258064516,17.855913978494623,28.580645161290324,0,9,0,0.0,0.0,400.0,0.0,봄,1,10,0.02,낮음
충북,2024,6,36.6,24.006666666666668,12.5,96.3,62.333333333333336,28.3,12.436666666666667,23.86111111111111,16.65,4,8,0,0.0,0.0,400.0,0.0,여름,2,10,0.0,낮음
충북,2024,7,32.9,26.374193548387098,20.6,475.3,84.41935483870968,36.4,6.680645161290323,26.2752688172043,112.01935483870967,0,24,0,0.0,0.0,400.0,0.0,여름,2,10,0.171,낮음
충북,2024,8,35.1,28.23548387096774,21.0,52.3,78.64516129032258,26.8,8.62258064516129,28.293548387096777,13.545161290322566,5,12,0,0.0,0.0,400.0,0.0,여름,2,10,0.041,낮음
충북,2024,9,34.6,25.066666666666663,14.1,214.4,78.2,21.3,8.596666666666666,25.253333333333337,50.15999999999998,2,10,0,0.0,0.0,400.0,0.0,가을,3,10,0.06,낮음
충북,2024,10,23.9,15.670967741935485,4.7,89.3,79.96774193548387,26.7,9.17741935483871,15.88494623655914,20.316129032258033,0,10,0,0.0,0.0,400.0,0.0,가을,3,10,0.21,낮음
충북,2024,11,22.6,8.963333333333333,-2.9,47.7,74.83333333333333,31.2,9.706666666666669,9.341111111111111,8.306666666666638,0,8,0,0.0,0.0,400.0,0.0,가을,3,10,0.024,낮음
충북,2024,12,15.3,0.2451612903225806,-8.9,4.5,65.2258064516129,24.7,7.793548387096774,0.2935483870967759,3.651612903225778,0,1,0,0.0,0.0,400.0,0.0,겨울,4,10,0.002,낮음
충남,2020,1,13.2,0.6870967741935484,-7.2,79.2,72.70967741935483,29.1,8.080645161290322,0.5811827956989246,17.387096774193548,0,5,0,0.0,0.0,0.0,0.0,겨울,4,11,0.005,낮음
충남,2020,2,15.6,1.5413793103448274,-11.9,69.4,70.27586206896552,32.5,9.382758620689655,1.4344827586206894,13.844827586206897,0,7,0,0.0,0.0,0.0,0.0,겨울,4,11,0.01,낮음
충남,2020,3,20.4,5.925806451612903,-4.8,25.9,65.0,36.1,11.406451612903227,5.811827956989247,8.512903225806458,0,4,0,0.0,0.0,0.0,0.0,봄,1,11,0.0,낮음
충남,2020,4,24.7,9.6,-0.7,24.6,56.56666666666667,31.3,11.66,9.362222222222222,6.250000000000004,0,3,0,0.0,0.0,0.0,0.0,봄,1,11,0.0,낮음
충남,2020,5,28.5,16.94516129032258,6.7,120.6,70.87096774193549,29.1,11.129032258064516,16.78064516129032,27.10967741935485,0,10,0,0.0,0.0,0.0,0.0,봄,1,11,0.023,낮음
충남,2020,6,33.8,22.5,12.2,181.9,72.56666666666666,28.7,10.31,22.512222222222217,30.02666666666668,2,12,0,0.0,0.0,0.0,0.0,여름,2,11,0.035,낮음
충남,2020,7,31.4,22.483870967741936,16.5,319.7,84.03225806451613,31.8,7.0838709677419365,22.340860215053763,76.89032258064518,0,22,0,0.0,0.0,0.0,0.0,여름,2,11,0.0,낮음
충남,2020,8,32.5,25.91290322580645,20.4,443.1,86.61290322580645,36.5,5.961290322580646,25.864516129032257,103.00645161290322,0,21,0,0.0,0.0,0.0,0.0,여름,2,11,0.004,낮음
충남,2020,9,29.9,19.796666666666667,11.9,191.4,78.2,37.4,7.666666666666667,20.06555555555555,49.27,0,12,0,0.0,0.0,0.0,0.0,가을,3,11,0.0,낮음
충남,2020,10,23.2,12.816129032258065,3.2,26.4,67.90322580645162,26.6,9.71935483870968,13.039784946236557,5.9870967741935495,0,1,0,0.0,0.0,0.0,0.0,가을,3,11,0.0,낮음
충남,2020,11,20.1,7.1433333333333335,-5.0,37.5,68.1,29.6,8.633333333333333,7.543333333333331,8.776666666666667,0,6,0,0.0,0.0,0.0,0.0,가을,3,11,0.215,낮음
충남,2020,12,9.4,-1.0903225806451613,-11.9,8.3,64.38709677419355,29.0,8.161290322580646,-0.853763440860217,1.7516129032258063,0,1,0,0.0,0.0,0.0,0.0,겨울,4,11,0.0,낮음
충남,2021,1,11.3,-2.551612903225806,-19.0,22.2,60.645161290322584,37.6,9.393548387096772,-2.859139784946238,4.887096774193548,0,7,0,0.0,0.0,538.0,0.0,겨울,4,11,0.114,낮음
충남,2021,2,18.8,1.7928571428571427,-9.8,11.1,62.535714285714285,34.4,10.485714285714286,1.5940476190476172,3.042857142857143,0,2,0,0.0,0.0,538.0,0.0,겨울,4,11,0.0,낮음
충남,2021,3,21.0,7.358064516129032,-3.5,86.7,70.12903225806451,31.6,11.529032258064516,7.241935483870965,18.0,0,7,0,0.0,0.0,538.0,0.0,봄,1,11,0.058,낮음
충남,2021,4,27.5,12.586666666666668,0.8,69.2,58.06666666666667,32.0,11.346666666666666,12.51333333333333,14.386666666666663,0,7,0,0.0,0.0,538.0,0.0,봄,1,11,0.0,낮음
충남,2021,5,30.3,15.94516129032258,3.7,181.5,71.03225806451613,31.3,10.506451612903223,15.738709677419353,39.76129032258065,0,17,0,0.0,0.0,538.0,0.0,봄,1,11,0.12,낮음
충남,2021,6,31.6,21.626666666666665,12.7,77.0,77.5,27.2,9.536666666666669,21.494444444444444,20.273333333333333,0,11,0,0.0,0.0,538.0,0.0,여름,2,11,0.039,낮음
충남,2021,7,36.0,26.638709677419353,18.1,190.0,75.12903225806451,29.0,8.687096774193549,26.426881720430103,44.880645161290325,8,14,1,0.0,0.0,538.0,0.0,여름,2,11,0.679,보통
충남,2021,8,33.5,24.851612903225806,16.7,252.3,77.87096774193549,30.7,7.774193548387097,25.109677419354835,52.464516129032255,3,17,0,0.0,0.0,538.0,0.0,여름,2,11,0.0,낮음
충남,2021,9,27.8,21.053333333333335,14.1,180.4,79.7,25.9,7.626666666666666,21.109999999999996,42.35,0,9,0,0.0,0.0,538.0,0.0,가을,3,11,0.0,낮음
충남,2021,10,28.6,14.448387096774193,0.3,46.2,75.83870967741936,25.0,8.951612903225806,14.696774193548382,14.964516129032257,0,10,0,0.0,0.0,538.0,0.0,가을,3,11,0.002,낮음
충남,2021,11,19.6,7.196666666666667,-4.1,61.6,76.2,28.9,9.516666666666667,7.43444444444444,9.913333333333332,0,5,0,0.0,0.0,538.0,0.0,가을,3,11,0.088,낮음
충남,2021,12,12.2,0.232258064516129,-13.9,6.0,68.64516129032258,31.1,9.32258064516129,0.5580645161290276,5.525806451612904,0,2,0,0.0,0.0,538.0,0.0,겨울,4,11,0.002,낮음
충남,2022,1,8.7,-2.541935483870968,-9.9,3.6,59.54838709677419,31.1,8.661290322580646,-2.6247311827957036,0.9387096774193548,0,1,0,0.0,0.0,574.0,1.0,겨울,4,11,0.016,낮음
충남,2022,2,10.4,-1.7428571428571429,-9.6,4.6000000000000005,59.964285714285715,28.0,8.925,-1.9416666666666715,1.135714285714286,0,2,0,0.0,0.0,574.0,1.0,겨울,4,11,0.0,낮음
충남,2022,3,20.2,6.193548387096774,-4.4,58.8,70.3225806451613,33.3,11.506451612903223,5.9989247311827905,12.706451612903226,0,9,0,0.0,0.0,574.0,1.0,봄,1,11,0.0,낮음
충남,2022,4,27.1,12.843333333333334,-0.5,47.5,59.766666666666666,25.0,13.386666666666668,12.744444444444438,9.24666666666667,0,6,0,0.0,0.0,574.0,1.0,봄,1,11,0.016,낮음
충남,2022,5,31.1,17.68064516129032,4.3,11.7,55.32258064516129,25.7,13.403225806451612,17.435483870967733,4.906451612903229,0,3,0,0.0,0.0,574.0,1.0,봄,1,11,0.0,낮음
충남,2022,6,32.3,22.59333333333333,12.6,111.6,71.93333333333334,31.0,10.423333333333334,22.412222222222216,16.94333333333334,0,12,0,0.0,0.0,574.0,1.0,여름,2,11,0.001,낮음
충남,2022,7,33.8,25.80322580645161,19.4,208.2,80.96774193548387,24.6,8.158064516129032,25.7505376344086,48.09677419354839,2,20,0,0.0,0.0,574.0,1.0,여름,2,11,0.0,낮음
충남,2022,8,32.0,24.51935483870968,12.9,401.2000000000001,84.6774193548387,31.2,6.509677419354838,24.72903225806451,85.7967741935484,0,21,0,0.0,0.0,574.0,1.0,여름,2,11,0.014,낮음
충남,2022,9,30.9,20.78666666666667,10.6,129.70000000000002,74.0,28.4,9.343333333333334,20.848888888888883,43.376666666666665,0,7,0,0.0,0.0,574.0,1.0,가을,3,11,0.063,낮음
충남,2022,10,25.5,13.193548387096774,2.2,75.7,73.54838709677419,27.4,8.893548387096773,13.36129032258064,17.093548387096774,0,6,0,0.0,0.0,574.0,1.0,가을,3,11,0.0,낮음
충남,2022,11,22.9,8.53,-7.6,59.1,70.86666666666666,27.3,10.266666666666667,8.99666666666666,8.97,0,6,0,0.0,0.0,574.0,1.0,가을,3,11,0.0,낮음
충남,2022,12,10.3,-4.006451612903226,-18.0,19.9,67.38709677419355,29.1,8.577419354838709,-3.892473118279576,9.148387096774192,0,4,0,0.0,0.0,574.0,1.0,겨울,4,11,0.061,낮음
충남,2023,1,12.8,-2.5354838709677416,-16.9,29.5,66.45161290322581,32.5,9.735483870967744,-2.6731182795698993,6.603225806451612,0,6,0,0.0,0.0,555.0,0.0,겨울,4,11,0.0,낮음
충남,2023,2,10.8,0.6428571428571429,-7.1,2.6,67.28571428571429,28.3,9.935714285714283,0.5499999999999929,0.7035714285714284,0,1,0,0.0,0.0,555.0,0.0,겨울,4,11,0.0,낮음
충남,2023,3,24.9,8.1,-4.3,24.7,57.774193548387096,28.2,13.04516129032258,7.797849462365584,5.596774193548386,0,3,0,0.0,0.0,555.0,0.0,봄,1,11,0.0,낮음
충남,2023,4,26.1,12.44,0.6,62.6,62.9,39.1,12.06,12.404444444444438,13.443333333333332,0,8,0,0.0,0.0,555.0,0.0,봄,1,11,0.0,낮음
충남,2023,5,32.2,18.19677419354839,4.7,137.7,63.87096774193548,26.6,12.03225806451613,17.93978494623655,24.867741935483867,0,5,0,0.0,0.0,555.0,0.0,봄,1,11,0.002,낮음
충남,2023,6,35.0,22.2,13.8,114.6,73.63333333333334,24.2,10.256666666666666,22.09777777777777,23.923333333333336,1,9,0,0.0,0.0,555.0,0.0,여름,2,11,0.044,낮음
충남,2023,7,33.0,25.312903225806455,19.4,409.7,85.03225806451613,31.1,7.103225806451612,25.21397849462365,99.56129032258065,1,21,0,0.0,0.0,555.0,0.0,여름,2,11,0.002,낮음
충남,2023,8,34.0,25.961290322580645,19.0,250.8,82.61290322580645,25.6,7.580645161290323,26.12903225806451,51.89354838709678,5,14,0,0.0,0.0,555.0,0.0,여름,2,11,0.038,낮음
충남,2023,9,30.0,22.186666666666667,13.6,261.8,81.4,26.1,7.180000000000001,22.281111111111105,65.74333333333333,0,14,0,0.0,0.0,555.0,0.0,가을,3,11,0.0,낮음
충남,2023,10,22.0,14.290322580645162,3.9,15.2,73.51612903225806,25.6,9.387096774193548,14.479569892473114,6.541935483870968,0,5,0,0.0,0.0,555.0,0.0,가을,3,11,0.114,낮음
충남,2023,11,23.9,6.276666666666667,-7.6,77.0,71.46666666666667,39.3,8.886666666666667,6.801111111111107,17.509999999999998,0,10,0,0.0,0.0,555.0,0.0,가을,3,11,0.446,보통
충남,2023,12,17.8,1.058064516129032,-14.4,86.6,71.2258064516129,34.3,8.158064516129032,0.925806451612898,19.167741935483868,0,9,0,0.0,0.0,555.0,0.0,겨울,4,11,0.262,낮음
충남,2024,1,9.7,-1.2225806451612902,-12.3,27.7,69.48387096774194,31.4,8.17741935483871,-1.2365591397849516,7.196774193548387,0,7,0,0.0,0.0,565.0,0.0,겨울,4,11,0.032,낮음
충남,2024,2,16.7,2.703448275862069,-5.2,80.7,77.86206896551724,25.4,8.696551724137931,2.637931034482753,19.210344827586205,0,11,0,0.0,0.0,565.0,0.0,겨울,4,11,0.0,낮음
충남,2024,3,18.5,5.325806451612903,-8.2,53.6,68.06451612903226,32.7,10.64516129032258,5.202150537634403,10.799999999999995,0,9,0,0.0,0.0,565.0,0.0,봄,1,11,0.073,낮음
충남,2024,4,26.8,14.166666666666666,2.2,52.1,66.13333333333334,23.5,11.73,13.872222222222216,13.803333333333333,0,5,0,0.0,0.0,565.0,0.0,봄,1,11,0.0,낮음
충남,2024,5,27.9,16.919354838709676,6.5,105.1,68.19354838709677,30.9,11.612903225806452,16.84301075268817,23.387096774193548,0,8,0,0.0,0.0,565.0,0.0,봄,1,11,0.004,낮음
충남,2024,6,35.9,22.82,12.8,108.3,65.8,26.4,12.33,22.64111111111111,18.22,3,8,0,0.0,0.0,565.0,0.0,여름,2,11,0.111,낮음
충남,2024,7,32.8,25.780645161290323,19.8,423.7,84.35483870967742,34.3,6.8354838709677415,25.667741935483864,101.90967741935484,0,19,0,0.0,0.0,565.0,0.0,여름,2,11,0.064,낮음
충남,2024,8,34.6,27.53548387096774,20.7,107.0,80.29032258064517,28.5,8.006451612903227,27.61397849462365,24.81612903225807,4,16,1,0.0,6.0,565.0,0.0,여름,2,11,0.057,낮음
충남,2024,9,33.6,24.336666666666662,14.8,190.3,79.06666666666666,22.2,7.806666666666667,24.486666666666665,44.48,1,12,0,0.0,0.0,565.0,0.0,가을,3,11,0.01,낮음
충남,2024,10,23.4,15.35483870967742,5.1,86.4,77.64516129032258,26.8,8.46774193548387,15.577419354838703,19.664516129032258,0,9,0,0.0,0.0,565.0,0.0,가을,3,11,0.046,낮음
충남,2024,11,21.7,8.44,-5.2,56.8,72.7,30.6,8.803333333333335,8.871111111111107,9.1,0,8,1,0.0,440.0,565.0,0.0,가을,3,11,0.017,낮음
충남,2024,12,14.8,-0.2096774193548387,-8.6,11.8,66.64516129032258,25.2,7.309677419354839,-0.2064516129032305,6.693548387096774,0,2,0,0.0,0.0,565.0,0.0,겨울,4,11,0.015,낮음
전북,2020,1,15.7,2.8,-6.1,85.3,72.61290322580645,28.3,8.258064516129032,2.7005376344086014,18.31612903225807,0,6,0,0.0,0.0,0.0,0.0,겨울,4,12,0.0,낮음
전북,2020,2,18.7,3.6758620689655177,-9.7,61.9,69.24137931034483,29.8,9.844827586206897,3.5528735632183897,13.482758620689657,0,8,0,0.0,0.0,0.0,0.0,겨울,4,12,0.008,낮음
전북,2020,3,22.4,7.300000000000001,-4.4,43.4,67.25806451612904,31.1,11.812903225806451,7.192473118279568,10.687096774193549,0,4,0,0.0,0.0,0.0,0.0,봄,1,12,0.051,낮음
전북,2020,4,26.1,10.066666666666666,-0.7,25.4,60.86666666666667,31.6,12.406666666666666,9.85222222222222,7.396666666666667,0,3,0,0.0,0.0,0.0,0.0,봄,1,12,0.026,낮음
전북,2020,5,29.3,18.096774193548388,7.5,102.3,72.03225806451613,35.1,11.174193548387098,17.961290322580645,22.970967741935485,0,10,0,0.0,0.0,0.0,0.0,봄,1,12,0.019,낮음
전북,2020,6,33.6,22.84,12.1,206.3,79.43333333333334,33.2,9.29,22.81888888888889,40.763333333333335,2,16,0,0.0,0.0,0.0,0.0,여름,2,12,0.0,낮음
전북,2020,7,30.3,23.219354838709677,16.1,400.1,87.03225806451613,30.5,6.2387096774193544,23.091397849462368,82.93870967741935,0,23,0,0.0,0.0,0.0,0.0,여름,2,12,0.0,낮음
전북,2020,8,33.0,27.048387096774192,21.2,483.8,85.45161290322581,37.7,6.103225806451613,26.996774193548383,116.53870967741936,1,22,0,0.0,0.0,0.0,0.0,여름,2,12,0.148,낮음
전북,2020,9,30.9,20.709999999999997,11.3,198.6,79.86666666666666,31.0,7.923333333333333,21.01,53.95666666666667,0,14,0,0.0,0.0,0.0,0.0,가을,3,12,0.0,낮음
전북,2020,10,24.4,14.05483870967742,3.5,10.8,68.74193548387096,21.9,10.048387096774194,14.238709677419354,2.406451612903226,0,3,0,0.0,0.0,0.0,0.0,가을,3,12,0.068,낮음
전북,2020,11,22.3,8.943333333333333,-2.0,58.9,67.7,27.2,9.143333333333334,9.265555555555556,13.783333333333337,0,4,0,0.0,0.0,0.0,0.0,가을,3,12,0.0,낮음
전북,2020,12,11.5,1.0258064516129033,-8.6,6.0,65.12903225806451,25.2,8.658064516129032,1.2978494623655925,0.7774193548387134,0,3,0,0.0,0.0,0.0,0.0,겨울,4,12,0.0,낮음
전북,2021,1,15.2,0.0903225806451612,-19.0,28.0,65.29032258064517,32.7,9.403225806451612,-0.2193548387096762,6.151612903225813,0,6,0,0.0,0.0,400.0,0.0,겨울,4,12,0.097,낮음
전북,2021,2,21.7,3.7178571428571425,-7.7,23.299999999999997,62.857142857142854,29.3,10.803571428571429,3.56904761904762,5.625000000000007,0,5,0,0.0,0.0,400.0,0.0,겨울,4,12,0.0,낮음
전북,2021,3,22.9,8.941935483870967,-3.4,88.5,71.48387096774194,31.8,11.641935483870968,8.796774193548389,19.393548387096786,0,8,0,0.0,0.0,400.0,0.0,봄,1,12,0.005,낮음
전북,2021,4,28.2,13.9,1.6,65.3,57.13333333333333,27.5,11.623333333333331,13.841111111111111,15.370000000000008,0,6,0,0.0,0.0,400.0,0.0,봄,1,12,0.0,낮음
전북,2021,5,31.1,17.322580645161292,6.0,141.5,70.45161290322581,34.1,10.693548387096774,17.10645161290323,30.72580645161291,0,12,0,0.0,0.0,400.0,0.0,봄,1,12,0.085,낮음
전북,2021,6,33.5,22.826666666666664,14.1,124.4,74.36666666666666,30.0,9.3,22.716666666666672,28.35000000000001,1,16,0,0.0,0.0,400.0,0.0,여름,2,12,0.0,낮음
전북,2021,7,35.0,26.82903225806452,20.3,280.5,78.61290322580645,29.3,7.780645161290322,26.672043010752688,64.20967741935483,4,18,0,0.0,0.0,400.0,0.0,여름,2,12,0.003,낮음
전북,2021,8,34.4,25.406451612903226,18.2,328.5,83.06451612903226,31.0,7.458064516129032,25.56129032258065,70.29677419354839,3,22,0,0.0,0.0,400.0,0.0,여름,2,12,0.0,낮음
전북,2021,9,29.3,22.403333333333332,13.3,203.2,79.4,25.5,7.676666666666667,22.47666666666667,49.81666666666667,0,12,0,0.0,0.0,400.0,0.0,가을,3,12,0.0,낮음
전북,2021,10,29.6,15.716129032258063,1.9,43.8,75.80645161290323,19.7,9.50967741935484,16.003225806451617,13.845161290322586,0,6,0,0.0,0.0,400.0,0.0,가을,3,12,0.0,낮음
전북,2021,11,21.6,8.933333333333334,-0.8,87.0,76.76666666666667,29.0,9.376666666666669,9.104444444444448,15.920000000000009,0,6,0,0.0,0.0,400.0,0.0,가을,3,12,0.03,낮음
전북,2021,12,14.0,2.5064516129032257,-10.9,16.2,70.35483870967742,27.3,9.180645161290323,2.846236559139787,7.145161290322587,0,4,0,0.0,0.0,400.0,0.0,겨울,4,12,0.081,낮음
전북,2022,1,11.0,-0.5225806451612903,-7.8,7.1,62.03225806451613,27.2,8.86774193548387,-0.5774193548387075,2.351612903225813,0,3,0,0.0,0.0,421.0,0.0,겨울,4,12,0.0,낮음
전북,2022,2,13.1,0.032142857142857,-8.3,5.6,58.07142857142857,25.8,9.657142857142857,-0.1511904761904739,1.1321428571428636,0,2,0,0.0,0.0,421.0,0.0,겨울,4,12,0.0,낮음
전북,2022,3,21.5,7.809677419354839,-4.2,99.2,70.41935483870968,45.3,11.51290322580645,7.586021505376347,21.490322580645167,0,9,0,0.0,0.0,421.0,0.0,봄,1,12,0.0,낮음
전북,2022,4,28.2,13.886666666666668,-0.6,53.5,63.1,25.6,12.753333333333334,13.818888888888893,10.513333333333335,0,6,0,0.0,0.0,421.0,0.0,봄,1,12,0.016,낮음
전북,2022,5,32.1,18.570967741935487,5.5,8.2,56.354838709677416,23.2,13.13548387096774,18.332258064516132,4.445161290322583,0,2,0,0.0,0.0,421.0,0.0,봄,1,12,0.0,낮음
전북,2022,6,33.3,23.186666666666667,13.6,165.6,75.93333333333334,28.5,9.39,22.99444444444445,33.02666666666667,2,16,0,0.0,0.0,421.0,0.0,여름,2,12,0.0,낮음
전북,2022,7,35.3,26.403225806451612,20.2,256.6,82.6774193548387,27.7,7.535483870967742,26.362365591397857,60.50967741935485,2,24,0,0.0,0.0,421.0,0.0,여름,2,12,0.041,낮음
전북,2022,8,33.7,26.003225806451617,15.7,216.8,83.87096774193549,23.2,6.516129032258065,26.163440860215054,48.193548387096776,2,20,0,0.0,0.0,421.0,0.0,여름,2,12,0.051,낮음
전북,2022,9,32.4,21.896666666666665,12.0,145.9,74.7,32.4,9.323333333333332,22.01555555555556,38.27333333333333,0,8,0,0.0,0.0,421.0,0.0,가을,3,12,0.0,낮음
전북,2022,10,28.9,14.36451612903226,3.1,55.0,72.70967741935483,25.6,9.841935483870968,14.53870967741936,12.419354838709678,0,4,0,0.0,0.0,421.0,0.0,가을,3,12,0.031,낮음
전북,2022,11,24.6,10.3,-3.5,60.2,69.73333333333333,23.5,11.123333333333331,10.673333333333336,9.69,0,6,0,0.0,0.0,421.0,0.0,가을,3,12,0.007,낮음
전북,2022,12,11.7,-0.6161290322580646,-14.4,16.1,65.35483870967742,30.7,8.480645161290322,-0.5548387096774168,7.851612903225806,0,5,0,0.0,0.0,421.0,0.0,겨울,4,12,0.0,낮음
전북,2023,1,17.1,0.2548387096774192,-13.9,38.6,65.70967741935483,29.9,9.535483870967743,0.239784946236561,8.635483870967743,0,6,0,0.0,0.0,406.0,0.0,겨울,4,12,0.0,낮음
전북,2023,2,13.0,2.475,-6.7,11.6,65.71428571428571,26.6,11.032142857142857,2.3595238095238114,2.957142857142857,0,3,0,0.0,0.0,406.0,0.0,겨울,4,12,0.0,낮음
전북,2023,3,24.7,9.667741935483871,-3.5,32.3,56.774193548387096,24.5,14.103225806451611,9.3741935483871,7.287096774193548,0,5,0,0.0,0.0,406.0,0.0,봄,1,12,0.022,낮음
전북,2023,4,26.7,13.65,0.8,88.1,63.9,37.4,12.106666666666666,13.643333333333336,18.68666666666667,0,9,0,0.0,0.0,406.0,0.0,봄,1,12,0.008,낮음
전북,2023,5,32.7,18.822580645161292,5.3,207.6,69.16129032258064,30.1,11.158064516129032,18.53978494623656,40.290322580645174,0,9,0,0.0,0.0,406.0,0.0,봄,1,12,0.017,낮음
전북,2023,6,36.0,23.146666666666665,14.9,191.1,73.3,26.8,10.55,23.05777777777778,34.603333333333346,2,14,0,0.0,0.0,406.0,0.0,여름,2,12,0.06,낮음
전북,2023,7,33.4,26.06451612903226,20.4,588.1,86.16129032258064,27.4,6.5677419354838715,25.991397849462366,149.041935483871,1,24,0,0.0,0.0,406.0,0.0,여름,2,12,0.068,낮음
전북,2023,8,34.9,26.783870967741933,19.2,394.7999999999999,84.0,31.1,7.816129032258065,26.9494623655914,78.88064516129033,6,22,0,0.0,0.0,406.0,0.0,여름,2,12,0.17,낮음
전북,2023,9,31.6,22.98,14.3,249.2,82.66666666666667,29.0,8.163333333333334,23.081111111111113,68.84333333333333,0,13,0,0.0,0.0,406.0,0.0,가을,3,12,0.0,낮음
전북,2023,10,23.5,15.125806451612902,5.3,17.0,74.87096774193549,26.7,10.23225806451613,15.28924731182796,5.5838709677419365,0,4,0,0.0,0.0,406.0,0.0,가을,3,12,0.272,낮음
전북,2023,11,25.5,8.17,-5.0,86.2,73.33333333333333,34.3,9.76,8.611111111111114,19.563333333333336,0,9,0,0.0,0.0,406.0,0.0,가을,3,12,0.233,낮음
전북,2023,12,19.0,3.467741935483871,-10.6,129.8,74.41935483870968,30.4,8.125806451612904,3.351612903225809,27.925806451612907,0,11,0,0.0,0.0,406.0,0.0,겨울,4,12,0.201,낮음
전북,2024,1,13.1,1.1741935483870969,-11.0,49.3,73.64516129032258,27.5,8.935483870967742,1.1645161290322603,12.99354838709678,0,7,0,0.0,0.0,465.0,0.0,겨울,4,12,0.041,낮음
전북,2024,2,17.8,4.851724137931035,-5.3,130.6,79.10344827586206,27.0,9.113793103448277,4.834482758620692,31.075862068965524,0,15,0,0.0,0.0,465.0,0.0,겨울,4,12,0.097,낮음
전북,2024,3,20.3,6.670967741935484,-6.5,76.3,70.93548387096774,34.1,11.316129032258065,6.4989247311827985,14.209677419354842,0,9,0,0.0,0.0,465.0,0.0,봄,1,12,0.01,낮음
전북,2024,4,27.4,15.05,2.3,86.3,75.93333333333334,29.5,11.87,14.862222222222224,22.65,0,9,0,0.0,0.0,465.0,0.0,봄,1,12,0.131,낮음
전북,2024,5,28.1,17.816129032258065,7.2,137.1,71.3225806451613,35.6,12.01290322580645,17.683870967741935,31.554838709677416,0,9,0,0.0,0.0,465.0,0.0,봄,1,12,0.131,낮음
전북,2024,6,35.8,22.98,12.6,116.0,71.23333333333333,25.6,11.833333333333334,22.844444444444445,16.896666666666665,2,7,0,0.0,0.0,465.0,0.0,여름,2,12,0.011,낮음
전북,2024,7,33.5,26.683870967741935,21.0,321.0,84.74193548387096,32.1,6.725806451612903,26.558064516129033,82.41290322580645,1,21,0,0.0,0.0,465.0,0.0,여름,2,12,0.17,낮음
전북,2024,8,35.6,28.270967741935483,20.9,91.8,81.12903225806451,25.2,8.48709677419355,28.34408602150538,20.880645161290325,5,17,0,0.0,0.0,465.0,0.0,여름,2,12,0.097,낮음
전북,2024,9,35.0,25.49,15.3,187.6,80.0,17.4,8.843333333333334,25.65,43.913333333333334,3,11,0,0.0,0.0,465.0,0.0,가을,3,12,0.024,낮음
전북,2024,10,25.4,16.30322580645161,6.1,98.1,80.25806451612904,23.2,9.667741935483871,16.52043010752688,22.19354838709679,0,11,0,0.0,0.0,465.0,0.0,가을,3,12,0.266,낮음
전북,2024,11,23.1,9.846666666666666,-1.1,78.5,75.03333333333333,29.9,9.913333333333332,10.155555555555557,14.54666666666668,0,9,0,0.0,0.0,465.0,0.0,가을,3,12,0.194,낮음
전북,2024,12,16.2,2.0935483870967744,-6.2,17.5,72.06451612903226,23.4,6.896774193548388,2.180645161290323,7.387096774193563,0,6,0,0.0,0.0,465.0,0.0,겨울,4,12,0.237,낮음
전남,2020,1,15.4,4.580645161290323,-3.2,74.4,72.80645161290323,46.2,5.229032258064516,4.448387096774193,15.445161290322584,0,5,0,0.0,0.0,0.0,0.0,겨울,4,13,0.0,낮음
전남,2020,2,15.6,5.096551724137932,-5.6,37.5,75.06896551724138,44.9,6.63448275862069,5.0218390804597695,9.317241379310348,0,7,0,0.0,0.0,0.0,0.0,겨울,4,13,0.074,낮음
전남,2020,3,18.2,8.025806451612903,-2.0,32.4,70.48387096774194,41.1,7.209677419354839,7.965591397849464,7.612903225806456,0,4,0,0.0,0.0,0.0,0.0,봄,1,13,0.023,낮음
전남,2020,4,20.9,10.52,3.8,69.7,68.1,38.1,6.6433333333333335,10.328888888888889,17.100000000000005,0,4,0,0.0,0.0,0.0,0.0,봄,1,13,0.0,낮음
전남,2020,5,25.0,16.84193548387097,11.0,115.6,82.06451612903226,43.3,6.516129032258065,16.70430107526882,25.0483870967742,0,10,0,0.0,0.0,0.0,0.0,봄,1,13,0.037,낮음
전남,2020,6,29.4,21.506666666666668,13.4,301.3,86.13333333333334,43.9,5.383333333333334,21.436666666666667,64.30000000000001,0,11,0,0.0,0.0,0.0,0.0,여름,2,13,0.065,낮음
전남,2020,7,28.3,22.706451612903223,18.8,316.9,89.80645161290323,38.0,3.5580645161290323,22.59247311827957,68.76129032258066,0,21,0,0.0,0.0,0.0,0.0,여름,2,13,0.042,낮음
전남,2020,8,31.5,26.951612903225808,23.0,214.9,88.61290322580645,57.8,3.832258064516129,26.883870967741935,54.35806451612904,0,13,0,0.0,0.0,0.0,0.0,여름,2,13,0.019,낮음
전남,2020,9,30.4,21.5,15.3,279.3,83.93333333333334,61.2,5.17,21.764444444444447,69.06333333333335,0,13,0,0.0,0.0,0.0,0.0,가을,3,13,0.02,낮음
전남,2020,10,23.2,15.587096774193547,8.2,16.0,69.58064516129032,35.8,6.890322580645161,15.778494623655916,3.674193548387104,0,3,0,0.0,0.0,0.0,0.0,가을,3,13,0.144,낮음
전남,2020,11,22.0,10.97,3.5,43.8,69.86666666666666,39.8,6.6466666666666665,11.217777777777778,10.193333333333346,0,5,0,0.0,0.0,0.0,0.0,가을,3,13,0.036,낮음
전남,2020,12,12.3,3.47741935483871,-6.5,23.5,67.41935483870968,45.8,7.087096774193548,3.731182795698926,3.2806451612903325,0,5,0,0.0,0.0,0.0,0.0,겨울,4,13,0.0,낮음
전남,2021,1,13.8,2.261290322580645,-11.9,38.7,71.64516129032258,50.0,7.45483870967742,2.046236559139786,10.280645161290336,0,10,0,0.0,0.0,524.0,0.0,겨울,4,13,0.036,낮음
전남,2021,2,15.2,4.889285714285714,-3.0,33.699999999999996,70.96428571428571,46.2,7.167857142857143,4.73809523809524,6.503571428571442,0,6,0,0.0,0.0,524.0,0.0,겨울,4,13,0.054,낮음
전남,2021,3,19.7,8.796774193548387,0.0,103.7,80.03225806451613,41.6,7.241935483870968,8.705376344086023,24.019354838709692,0,8,0,0.0,0.0,524.0,0.0,봄,1,13,0.105,낮음
전남,2021,4,23.5,13.076666666666666,4.9,67.5,69.56666666666666,37.1,6.883333333333334,12.992222222222225,16.73333333333335,0,6,0,0.0,0.0,524.0,0.0,봄,1,13,0.024,낮음
전남,2021,5,25.6,16.92258064516129,7.2,123.7,76.80645161290323,37.0,6.848387096774194,16.722580645161294,27.86451612903227,0,8,0,0.0,0.0,524.0,0.0,봄,1,13,0.082,낮음
전남,2021,6,29.6,22.02,17.0,169.2,82.1,38.6,5.53,21.910000000000004,39.03000000000001,0,9,0,0.0,0.0,524.0,0.0,여름,2,13,0.0,낮음
전남,2021,7,32.2,26.23548387096774,20.2,191.8,84.12903225806451,40.0,5.0516129032258075,26.118279569892476,44.18387096774195,0,14,0,0.0,0.0,524.0,0.0,여름,2,13,0.072,낮음
전남,2021,8,32.2,26.154838709677417,21.0,232.3,83.90322580645162,48.5,5.116129032258065,26.21397849462366,50.8709677419355,0,19,1,0.0,29.0,524.0,0.0,여름,2,13,0.791,높음
전남,2021,9,27.9,22.783333333333335,16.8,176.5,83.1,33.0,5.086666666666667,22.89444444444445,35.37000000000001,0,16,0,0.0,0.0,524.0,0.0,가을,3,13,0.0,낮음
전남,2021,10,27.8,17.04516129032258,5.6,33.6,77.90322580645162,43.7,6.958064516129032,17.324731182795702,15.109677419354853,0,6,0,0.0,0.0,524.0,0.0,가을,3,13,0.046,낮음
전남,2021,11,20.7,11.016666666666667,2.0,70.4,75.06666666666666,44.8,6.933333333333334,11.142222222222223,11.993333333333345,0,9,1,0.0,327.0,524.0,0.0,가을,3,13,0.616,보통
전남,2021,12,13.2,5.15483870967742,-7.6,9.0,71.0,45.9,6.870967741935484,5.403225806451616,6.180645161290336,0,4,0,0.0,0.0,524.0,0.0,겨울,4,13,0.133,낮음
전남,2022,1,10.1,1.6483870967741936,-5.1,8.2,69.45161290322581,42.5,6.212903225806452,1.659139784946239,2.0000000000000133,0,3,0,0.0,0.0,554.0,2.0,겨울,4,13,0.0,낮음
전남,2022,2,11.4,2.0214285714285714,-4.8,4.5,63.214285714285715,37.5,6.417857142857143,1.9011904761904783,1.1107142857143004,0,1,0,0.0,0.0,554.0,2.0,겨울,4,13,0.0,낮음
전남,2022,3,19.1,8.087096774193547,-1.6,89.3,76.38709677419355,49.0,7.712903225806452,7.927956989247314,19.122580645161303,0,9,0,0.0,0.0,554.0,2.0,봄,1,13,0.0,낮음
전남,2022,4,24.5,13.196666666666664,4.0,92.4,75.26666666666667,33.2,7.733333333333333,13.082222222222224,16.88666666666668,0,6,0,0.0,0.0,554.0,2.0,봄,1,13,0.0,낮음
전남,2022,5,26.4,17.51290322580645,6.8,6.2,70.3225806451613,28.0,7.82258064516129,17.32903225806452,6.348387096774203,0,2,0,0.0,0.0,554.0,2.0,봄,1,13,0.081,낮음
전남,2022,6,28.9,22.096666666666668,15.8,140.5,83.46666666666667,40.7,5.17,21.864444444444448,32.12000000000001,0,10,0,0.0,0.0,554.0,2.0,여름,2,13,0.012,낮음
전남,2022,7,32.8,26.280645161290323,21.9,152.7,84.90322580645162,35.5,4.451612903225806,26.23978494623656,33.40645161290324,0,16,0,0.0,0.0,554.0,2.0,여름,2,13,0.052,낮음
전남,2022,8,31.1,26.425806451612903,17.5,105.5,84.35483870967742,34.5,4.261290322580645,26.525806451612905,25.222580645161305,0,16,0,0.0,0.0,554.0,2.0,여름,2,13,0.063,낮음
전남,2022,9,30.3,22.290000000000003,13.9,142.4,79.6,61.0,6.3,22.47888888888889,34.19000000000002,0,9,0,0.0,0.0,554.0,2.0,가을,3,13,0.0,낮음
전남,2022,10,27.0,15.564516129032258,6.3,19.299999999999997,71.90322580645162,41.8,7.090322580645162,15.698924731182796,4.370967741935494,0,2,1,0.0,9930.0,554.0,2.0,가을,3,13,0.667,보통
전남,2022,11,21.8,11.713333333333331,0.2,74.8,74.46666666666667,47.2,8.586666666666668,12.00888888888889,15.156666666666675,0,5,0,0.0,0.0,554.0,2.0,가을,3,13,0.095,낮음
전남,2022,12,10.9,2.3419354838709676,-8.1,22.6,68.29032258064517,45.3,6.838709677419355,2.447311827956992,7.325806451612916,0,6,0,0.0,0.0,554.0,2.0,겨울,4,13,0.049,낮음
전남,2023,1,14.3,2.3774193548387097,-11.0,34.3,71.12903225806451,48.8,7.696774193548387,2.3612903225806474,7.461290322580657,0,5,0,0.0,0.0,573.0,1.0,겨울,4,13,0.084,낮음
전남,2023,2,11.6,3.0142857142857147,-4.1,30.5,73.85714285714286,36.7,7.053571428571429,2.9392857142857167,7.875000000000012,0,6,0,0.0,0.0,573.0,1.0,겨울,4,13,0.135,낮음
전남,2023,3,20.0,8.754838709677419,-2.0,66.9,72.35483870967742,41.7,8.687096774193549,8.522580645161293,15.12903225806453,0,7,0,0.0,0.0,573.0,1.0,봄,1,13,0.0,낮음
전남,2023,4,22.4,12.95,5.4,99.5,76.06666666666666,45.9,7.826666666666666,12.90666666666667,22.06666666666668,0,11,0,0.0,0.0,573.0,1.0,봄,1,13,0.0,낮음
전남,2023,5,25.9,17.34193548387097,8.9,209.1,84.16129032258064,40.2,6.403225806451613,17.109677419354842,42.680645161290336,0,14,1,0.0,250.0,573.0,1.0,봄,1,13,0.262,낮음
전남,2023,6,30.4,21.74,15.9,179.7,84.43333333333334,30.7,5.253333333333333,21.627777777777784,27.87666666666668,0,10,0,0.0,0.0,573.0,1.0,여름,2,13,0.124,낮음
전남,2023,7,31.2,25.406451612903226,21.1,434.2,89.83870967741936,37.7,4.687096774193549,25.303225806451614,116.46129032258068,0,19,1,0.0,34.0,573.0,1.0,여름,2,13,0.157,낮음
전남,2023,8,33.7,27.083870967741937,20.3,182.8,81.70967741935483,41.4,6.458064516129033,27.21397849462366,31.79677419354842,4,14,2,0.0,197.0,573.0,1.0,여름,2,13,0.367,보통
전남,2023,9,30.2,23.686666666666667,16.3,143.1,81.26666666666667,31.3,6.49,23.78888888888889,42.52333333333336,0,11,0,0.0,0.0,573.0,1.0,가을,3,13,0.075,낮음
전남,2023,10,24.1,16.9741935483871,9.2,26.0,70.19354838709677,37.5,8.274193548387096,17.146236559139787,7.338709677419383,0,6,0,0.0,0.0,573.0,1.0,가을,3,13,0.117,낮음
전남,2023,11,25.1,10.513333333333332,-2.2,81.4,70.03333333333333,45.2,7.696666666666667,10.876666666666672,18.90333333333336,0,7,0,0.0,0.0,573.0,1.0,가을,3,13,0.098,낮음
전남,2023,12,18.8,5.241935483870968,-8.0,69.3,76.19354838709677,40.3,6.83225806451613,5.1731182795698984,15.254838709677449,0,12,1,0.0,2860.0,573.0,1.0,겨울,4,13,0.234,낮음
전남,2024,1,13.1,3.306451612903226,-4.1,59.2,75.09677419354838,41.8,7.029032258064516,3.30860215053764,13.47741935483874,0,9,1,0.0,1417.0,619.0,5.0,겨울,4,13,0.015,낮음
전남,2024,2,16.5,5.720689655172414,-3.4,140.2,79.72413793103448,37.7,6.913793103448276,5.706896551724144,33.12413793103451,0,13,0,0.0,0.0,619.0,5.0,겨울,4,13,0.038,낮음
전남,2024,3,20.1,7.451612903225806,-1.6,76.5,73.51612903225806,41.0,8.59032258064516,7.3236559139785005,15.83548387096777,0,8,0,0.0,0.0,619.0,5.0,봄,1,13,0.0,낮음
전남,2024,4,22.6,13.91,3.9,90.5,80.43333333333334,34.9,9.016666666666667,13.75555555555556,20.23000000000003,0,8,0,0.0,0.0,619.0,5.0,봄,1,13,0.171,낮음
전남,2024,5,25.5,17.248387096774195,8.2,137.8,76.87096774193549,38.0,8.841935483870968,17.118279569892476,32.52580645161293,0,11,0,0.0,0.0,619.0,5.0,봄,1,13,0.0,낮음
전남,2024,6,33.0,22.12,13.6,159.7,78.6,37.1,7.886666666666667,21.963333333333335,23.75333333333336,1,6,0,0.0,0.0,619.0,5.0,여름,2,13,0.0,낮음
전남,2024,7,31.5,26.10967741935484,21.2,313.4,88.87096774193549,39.1,4.516129032258065,25.9741935483871,84.97419354838713,0,20,1,0.0,539.0,619.0,5.0,여름,2,13,0.345,보통
전남,2024,8,34.2,28.05806451612903,23.0,69.2,81.83870967741936,31.1,6.725806451612903,28.090322580645164,15.822580645161327,2,12,0,0.0,0.0,619.0,5.0,여름,2,13,0.075,낮음
전남,2024,9,35.2,26.296666666666667,18.2,187.5,77.13333333333334,26.7,7.516666666666667,26.432222222222222,44.41333333333338,3,11,0,0.0,0.0,619.0,5.0,가을,3,13,0.298,낮음
전남,2024,10,25.5,17.796774193548387,9.1,124.7,76.3225806451613,34.8,7.45483870967742,18.013978494623657,27.48709677419359,0,14,0,0.0,0.0,619.0,5.0,가을,3,13,0.138,낮음
전남,2024,11,22.8,11.93,0.9,125.3,68.26666666666667,39.4,7.696666666666667,12.150000000000002,27.393333333333377,0,10,0,0.0,0.0,619.0,5.0,가을,3,13,0.122,낮음
전남,2024,12,16.8,5.348387096774194,-3.3,5.3,61.83870967741935,35.1,6.351612903225806,5.4430107526881715,3.5322580645161716,0,1,0,0.0,0.0,619.0,5.0,겨울,4,13,0.044,낮음
경북,2020,1,11.8,1.2774193548387098,-7.3,82.1,69.2258064516129,32.1,8.170967741935485,1.1365591397849462,17.009677419354837,0,6,0,0.0,0.0,0.0,0.0,겨울,4,14,0.001,낮음
경북,2020,2,14.8,2.086206896551724,-9.2,51.6,65.65517241379311,35.7,9.782758620689656,2.019540229885057,11.66551724137931,0,5,0,0.0,0.0,0.0,0.0,겨울,4,14,0.025,낮음
경북,2020,3,20.7,6.66774193548387,-5.4,20.3,62.87096774193548,39.8,11.709677419354838,6.481720430107526,6.309677419354839,0,3,0,0.0,0.0,0.0,0.0,봄,1,14,0.0,낮음
경북,2020,4,25.4,10.263333333333332,-0.6,25.5,50.63333333333333,35.7,12.903333333333334,10.046666666666669,6.473333333333333,0,2,0,0.0,0.0,0.0,0.0,봄,1,14,0.052,낮음
경북,2020,5,29.8,17.603225806451615,7.4,83.39999999999999,63.096774193548384,32.2,11.974193548387095,17.450537634408605,18.86129032258064,0,7,0,0.0,0.0,0.0,0.0,봄,1,14,0.0,낮음
경북,2020,6,36.2,23.366666666666667,13.4,145.8,63.666666666666664,37.5,10.61,23.357777777777777,23.71999999999999,3,10,0,0.0,0.0,0.0,0.0,여름,2,14,0.0,낮음
경북,2020,7,31.4,22.070967741935487,16.0,378.5,82.09677419354838,48.6,6.541935483870967,21.96451612903226,88.46774193548386,0,19,0,0.0,0.0,0.0,0.0,여름,2,14,0.0,낮음
경북,2020,8,32.3,25.85483870967742,20.9,365.4,84.96774193548387,28.3,6.32258064516129,25.849462365591396,84.0258064516129,0,20,0,0.0,0.0,0.0,0.0,여름,2,14,0.0,낮음
경북,2020,9,27.2,19.453333333333333,10.1,204.0,79.0,53.4,7.156666666666667,19.702222222222225,53.23999999999999,0,13,0,0.0,0.0,0.0,0.0,가을,3,14,0.0,낮음
경북,2020,10,23.2,13.19032258064516,3.4,4.9,67.7741935483871,27.3,9.951612903225806,13.413978494623656,1.1064516129032145,0,1,0,0.0,0.0,0.0,0.0,가을,3,14,0.009,낮음
경북,2020,11,21.0,7.6,-3.3,27.9,64.63333333333334,40.6,9.723333333333333,7.936666666666665,6.509999999999989,0,3,0,0.0,0.0,0.0,0.0,가을,3,14,0.0,낮음
경북,2020,12,9.9,-0.9322580645161292,-12.6,2.5,57.41935483870968,30.1,8.616129032258065,-0.6516129032258086,0.3935483870967696,0,2,0,0.0,0.0,0.0,0.0,겨울,4,14,0.0,낮음
경북,2021,1,10.6,-2.1870967741935483,-16.6,8.3,54.516129032258064,33.7,9.412903225806453,-2.459139784946238,1.8838709677419216,0,2,0,0.0,0.0,539.0,0.0,겨울,4,14,0.0,낮음
경북,2021,2,21.0,2.0357142857142856,-10.9,16.3,55.857142857142854,35.3,11.132142857142856,1.852380952380951,4.07142857142856,0,4,0,0.0,0.0,539.0,0.0,겨울,4,14,0.0,낮음
경북,2021,3,21.9,7.661290322580645,-4.1,105.3,65.87096774193549,31.6,11.396774193548389,7.476344086021503,21.509677419354823,0,6,0,0.0,0.0,539.0,0.0,봄,1,14,0.0,낮음
경북,2021,4,26.4,11.95,0.3,80.60000000000001,57.96666666666667,32.8,11.616666666666667,11.875555555555554,19.88333333333332,0,6,0,0.0,0.0,539.0,0.0,봄,1,14,0.0,낮음
경북,2021,5,28.6,15.961290322580645,5.4,187.9,67.93548387096774,33.7,10.5,15.80537634408602,41.890322580645154,0,15,0,0.0,0.0,539.0,0.0,봄,1,14,0.075,낮음
경북,2021,6,30.5,21.389999999999997,12.9,103.2,73.56666666666666,25.3,8.936666666666667,21.277777777777775,22.139999999999983,0,12,0,0.0,0.0,539.0,0.0,여름,2,14,0.063,낮음
경북,2021,7,35.2,25.69032258064516,17.6,205.3,78.06451612903226,23.8,8.332258064516129,25.429032258064513,49.235483870967734,3,14,0,0.0,0.0,539.0,0.0,여름,2,14,0.0,낮음
경북,2021,8,34.3,24.138709677419353,18.2,357.6,81.64516129032258,31.9,6.425806451612903,24.375268817204297,76.20645161290321,4,19,0,0.0,0.0,539.0,0.0,여름,2,14,0.127,낮음
경북,2021,9,28.0,20.336666666666662,13.8,154.7,80.53333333333333,25.0,6.9399999999999995,20.374444444444443,38.92,0,11,0,0.0,0.0,539.0,0.0,가을,3,14,0.188,낮음
경북,2021,10,27.4,14.67741935483871,1.8,62.900000000000006,77.51612903225806,19.7,8.793548387096775,14.967741935483868,16.94193548387097,0,6,0,0.0,0.0,539.0,0.0,가을,3,14,0.0,낮음
경북,2021,11,17.9,7.053333333333333,-3.0,34.3,73.1,32.2,10.036666666666669,7.302222222222221,5.083333333333333,0,3,1,0.0,110.0,539.0,0.0,가을,3,14,0.814,높음
경북,2021,12,12.6,0.5129032258064516,-13.7,0.3,63.67741935483871,35.1,9.35483870967742,0.8172043010752669,2.893548387096774,0,0,0,0.0,0.0,539.0,0.0,겨울,4,14,0.0,낮음
경북,2022,1,9.3,-1.7870967741935484,-10.4,0.9,54.16129032258065,29.2,9.264516129032256,-1.8688172043010771,0.2032258064516129,0,0,0,0.0,0.0,509.0,1.0,겨울,4,14,0.0,낮음
경북,2022,2,11.6,-1.3214285714285714,-10.6,2.6,47.785714285714285,32.3,9.914285714285716,-1.5428571428571447,0.3178571428571429,0,1,0,0.0,0.0,509.0,1.0,겨울,4,14,0.017,낮음
경북,2022,3,19.8,6.851612903225806,-4.6,75.5,61.29032258064516,32.9,12.1,6.682795698924729,16.032258064516128,0,9,0,0.0,0.0,509.0,1.0,봄,1,14,0.006,낮음
경북,2022,4,28.8,13.51,0.8,45.8,52.93333333333333,34.7,13.423333333333334,13.443333333333332,9.143333333333334,0,4,0,0.0,0.0,509.0,1.0,봄,1,14,0.007,낮음
경북,2022,5,32.2,18.59032258064516,6.2,7.8,47.83870967741935,30.0,13.21935483870968,18.234408602150538,4.512903225806451,0,2,0,0.0,0.0,509.0,1.0,봄,1,14,0.041,낮음
경북,2022,6,35.4,22.253333333333337,11.5,94.5,69.76666666666667,31.0,10.323333333333332,22.12555555555555,18.46333333333333,2,13,0,0.0,0.0,509.0,1.0,여름,2,14,0.0,낮음
경북,2022,7,35.2,25.64516129032258,19.8,207.9,78.6774193548387,20.2,7.903225806451613,25.640860215053763,46.458064516129035,4,19,0,0.0,0.0,509.0,1.0,여름,2,14,0.029,낮음
경북,2022,8,34.0,24.76774193548387,14.2,263.1,81.54838709677419,24.0,6.6483870967741945,24.946236559139784,48.883870967741935,2,22,0,0.0,0.0,509.0,1.0,여름,2,14,0.055,낮음
경북,2022,9,30.5,20.226666666666667,10.6,80.0,75.86666666666666,42.0,8.620000000000001,20.237777777777776,33.69333333333333,0,6,0,0.0,0.0,509.0,1.0,가을,3,14,0.017,낮음
경북,2022,10,27.0,13.167741935483871,2.1,62.099999999999994,74.64516129032258,31.5,9.396774193548389,13.443010752688169,13.95806451612903,0,6,0,0.0,0.0,509.0,1.0,가을,3,14,0.0,낮음
경북,2022,11,21.5,8.846666666666666,-6.7,61.8,69.83333333333333,26.2,10.633333333333333,9.195555555555554,9.386666666666663,0,6,0,0.0,0.0,509.0,1.0,가을,3,14,0.0,낮음
경북,2022,12,8.2,-2.512903225806452,-14.1,9.1,58.516129032258064,34.0,8.048387096774194,-2.4032258064516157,6.990322580645161,0,1,0,0.0,0.0,509.0,1.0,겨울,4,14,0.0,낮음
경북,2023,1,12.1,-1.6967741935483869,-16.8,27.4,55.806451612903224,31.8,9.37741935483871,-1.731182795698928,6.164516129032258,0,3,0,0.0,0.0,588.0,0.0,겨울,4,14,0.0,낮음
경북,2023,2,12.4,1.5535714285714286,-7.8,11.0,59.42857142857143,27.4,10.87857142857143,1.3476190476190446,2.689285714285714,0,1,0,0.0,0.0,588.0,0.0,겨울,4,14,0.0,낮음
경북,2023,3,23.4,9.270967741935484,-3.9,40.099999999999994,50.483870967741936,30.0,13.841935483870968,8.977419354838707,9.093548387096773,0,3,0,0.0,0.0,588.0,0.0,봄,1,14,0.096,낮음
경북,2023,4,26.2,12.34,0.1,66.2,59.96666666666667,31.1,12.436666666666667,12.328888888888883,14.006666666666666,0,9,0,0.0,0.0,588.0,0.0,봄,1,14,0.005,낮음
경북,2023,5,32.3,18.138709677419353,3.7,154.0,60.774193548387096,24.9,11.435483870967742,18.0,27.345161290322576,0,8,0,0.0,0.0,588.0,0.0,봄,1,14,0.038,낮음
경북,2023,6,33.0,22.376666666666665,13.6,241.3,70.73333333333333,23.2,10.16,22.203333333333333,45.1,1,15,0,0.0,0.0,588.0,0.0,여름,2,14,0.156,낮음
경북,2023,7,33.7,25.093548387096774,18.6,382.1,83.74193548387096,30.6,7.367741935483871,24.958064516129035,105.4483870967742,1,19,0,0.0,0.0,588.0,0.0,여름,2,14,0.063,낮음
경북,2023,8,34.8,26.164516129032258,19.5,250.4,79.61290322580645,36.9,7.367741935483871,26.312903225806455,48.770967741935486,6,16,0,0.0,0.0,588.0,0.0,여름,2,14,0.348,보통
경북,2023,9,29.7,22.046666666666667,15.2,228.3,80.2,26.0,7.073333333333333,22.17777777777778,58.39333333333333,0,13,0,0.0,0.0,588.0,0.0,가을,3,14,0.0,낮음
경북,2023,10,21.9,13.970967741935484,4.7,16.6,73.0,28.4,9.787096774193548,14.174193548387096,7.032258064516129,0,3,0,0.0,0.0,588.0,0.0,가을,3,14,0.222,낮음
경북,2023,11,23.5,6.45,-7.4,33.6,67.53333333333333,35.5,9.203333333333337,6.956666666666666,7.800000000000001,0,5,0,0.0,0.0,588.0,0.0,가을,3,14,0.26,낮음
경북,2023,12,15.9,0.7935483870967741,-13.0,79.3,66.19354838709677,35.1,8.341935483870968,0.6677419354838714,17.309677419354838,0,6,0,0.0,0.0,588.0,0.0,겨울,4,14,0.041,낮음
경북,2024,1,9.9,-0.6548387096774194,-13.6,17.1,65.80645161290323,31.7,8.26774193548387,-0.6688172043010748,4.561290322580645,0,6,0,0.0,0.0,571.0,0.0,겨울,4,14,0.0,낮음
경북,2024,2,16.6,2.7344827586206897,-4.4,71.7,76.37931034482759,27.8,8.327586206896552,2.706896551724138,16.54137931034483,0,11,0,0.0,0.0,571.0,0.0,겨울,4,14,0.0,낮음
경북,2024,3,19.5,5.519354838709678,-8.4,74.0,64.06451612903226,37.5,10.729032258064516,5.320430107526882,14.509677419354835,0,9,0,0.0,0.0,571.0,0.0,봄,1,14,0.0,낮음
경북,2024,4,27.5,14.27,2.5,83.5,65.86666666666666,24.9,11.076666666666666,14.068888888888887,21.59,0,8,0,0.0,0.0,571.0,0.0,봄,1,14,0.011,낮음
경북,2024,5,29.6,17.490322580645163,6.1,144.0,63.32258064516129,29.9,11.609677419354838,17.281720430107526,32.990322580645156,0,10,0,0.0,0.0,571.0,0.0,봄,1,14,0.038,낮음
경북,2024,6,36.4,23.403333333333332,11.9,134.9,62.7,25.9,11.466666666666669,23.294444444444444,24.846666666666668,3,6,0,0.0,0.0,571.0,0.0,여름,2,14,0.0,낮음
경북,2024,7,33.0,25.874193548387098,20.6,260.59999999999997,81.61290322580645,31.1,6.893548387096775,25.76236559139785,65.18709677419356,1,19,0,0.0,0.0,571.0,0.0,여름,2,14,0.136,낮음
경북,2024,8,34.8,27.63225806451613,20.5,68.9,74.41935483870968,28.8,9.02258064516129,27.69462365591398,15.08387096774195,5,11,0,0.0,0.0,571.0,0.0,여름,2,14,0.058,낮음
경북,2024,9,34.2,24.103333333333335,14.1,192.7,77.13333333333334,23.9,8.15,24.32111111111111,45.65666666666667,2,13,0,0.0,0.0,571.0,0.0,가을,3,14,0.0,낮음
경북,2024,10,25.4,15.493548387096777,5.7,86.8,78.7741935483871,33.1,8.506451612903225,15.691397849462366,19.729032258064517,0,9,0,0.0,0.0,571.0,0.0,가을,3,14,0.046,낮음
경북,2024,11,20.5,8.9,-2.7,46.8,75.66666666666667,35.7,8.733333333333333,9.265555555555554,9.346666666666668,0,5,0,0.0,0.0,571.0,0.0,가을,3,14,0.021,낮음
경북,2024,12,14.1,-0.0032258064516129,-8.1,1.3,58.74193548387097,30.0,8.03225806451613,0.0462365591397846,1.9677419354838728,0,1,0,0.0,0.0,571.0,0.0,겨울,4,14,0.0,낮음
경남,2020,1,15.9,4.32258064516129,-5.0,118.8,65.0,29.8,7.77741935483871,4.180107526881721,23.496774193548383,0,6,0,0.0,0.0,0.0,0.0,겨울,4,15,0.0,낮음
경남,2020,2,16.5,5.120689655172414,-7.0,82.5,65.6896551724138,30.1,9.320689655172414,5.055172413793104,20.389655172413793,0,8,0,0.0,0.0,0.0,0.0,겨울,4,15,0.0,낮음
경남,2020,3,19.8,8.803225806451612,-1.7,50.6,65.51612903225806,30.3,9.612903225806452,8.658064516129032,12.925806451612903,0,5,0,0.0,0.0,0.0,0.0,봄,1,15,0.0,낮음
경남,2020,4,22.0,11.413333333333332,2.8,71.1,60.333333333333336,30.8,10.166666666666666,11.27888888888889,18.009999999999998,0,5,0,0.0,0.0,0.0,0.0,봄,1,15,0.025,낮음
경남,2020,5,27.0,17.351612903225806,10.3,98.3,77.2258064516129,25.0,8.277419354838708,17.21505376344086,21.870967741935484,0,7,0,0.0,0.0,0.0,0.0,봄,1,15,0.0,낮음
경남,2020,6,29.0,22.316666666666663,14.8,362.0,78.66666666666667,33.6,7.08,22.205555555555556,69.19000000000001,0,10,0,0.0,0.0,0.0,0.0,여름,2,15,0.0,낮음
경남,2020,7,29.3,22.606451612903225,17.1,477.0,90.25806451612904,27.1,4.354838709677419,22.51290322580645,113.96129032258064,0,24,0,0.0,0.0,0.0,0.0,여름,2,15,0.0,낮음
경남,2020,8,34.3,26.92258064516129,23.3,225.6,89.12903225806451,30.0,4.890322580645161,26.88279569892473,55.483870967741936,4,15,0,0.0,0.0,0.0,0.0,여름,2,15,0.0,낮음
경남,2020,9,29.9,21.216666666666665,13.6,267.6,80.53333333333333,62.8,6.13,21.475555555555555,66.54333333333334,0,16,0,0.0,0.0,0.0,0.0,가을,3,15,0.113,낮음
경남,2020,10,24.5,15.6,6.1,23.5,66.51612903225806,27.5,8.37741935483871,15.79462365591398,5.661290322580645,0,3,0,0.0,0.0,0.0,0.0,가을,3,15,0.014,낮음
경남,2020,11,21.2,10.343333333333334,-0.1,43.400000000000006,62.266666666666666,28.7,8.56,10.65,10.126666666666669,0,4,0,0.0,0.0,0.0,0.0,가을,3,15,0.0,낮음
경남,2020,12,12.5,2.3483870967741933,-8.3,10.1,53.25806451612903,31.7,8.748387096774193,2.588172043010754,1.1161290322580646,0,3,0,0.0,0.0,0.0,0.0,겨울,4,15,0.0,낮음
경남,2021,1,14.5,1.529032258064516,-11.9,24.9,57.645161290322584,31.1,9.077419354838709,1.3075268817204315,6.396774193548388,0,4,0,0.0,0.0,646.0,0.0,겨울,4,15,0.0,낮음
경남,2021,2,18.0,5.375,-6.6,45.5,59.25,32.9,9.875,5.211904761904762,10.357142857142858,0,5,0,0.0,0.0,646.0,0.0,겨울,4,15,0.0,낮음
경남,2021,3,20.7,10.019354838709678,-1.8,150.0,70.61290322580645,28.1,9.50967741935484,9.855913978494623,31.783870967741937,0,9,0,0.0,0.0,646.0,0.0,봄,1,15,0.024,낮음
경남,2021,4,24.5,13.663333333333332,3.8,80.8,62.96666666666667,27.4,9.62,13.536666666666669,21.959999999999997,0,6,0,0.0,0.0,646.0,0.0,봄,1,15,0.0,낮음
경남,2021,5,26.2,17.467741935483872,7.8,167.6,72.25806451612904,34.6,7.958064516129032,17.369892473118284,37.770967741935486,0,13,0,0.0,0.0,646.0,0.0,봄,1,15,0.062,낮음
경남,2021,6,30.5,21.743333333333332,14.2,119.3,80.36666666666666,26.6,6.613333333333333,21.62,27.983333333333334,0,9,1,0.0,1980.0,646.0,0.0,여름,2,15,0.605,보통
경남,2021,7,31.3,25.94516129032258,20.2,252.1,85.48387096774194,32.4,5.351612903225806,25.812903225806455,56.74193548387097,0,18,0,0.0,0.0,646.0,0.0,여름,2,15,0.052,낮음
경남,2021,8,33.4,25.700000000000003,20.4,351.7,86.12903225806451,33.4,5.04516129032258,25.762365591397852,76.08387096774193,1,26,0,0.0,0.0,646.0,0.0,여름,2,15,0.062,낮음
경남,2021,9,28.8,22.376666666666665,16.9,184.3,82.23333333333333,27.2,5.766666666666667,22.47555555555556,39.74666666666667,0,16,0,0.0,0.0,646.0,0.0,가을,3,15,0.005,낮음
경남,2021,10,27.5,17.04516129032258,3.7,31.8,74.6774193548387,28.5,8.135483870967741,17.320430107526885,14.170967741935485,0,6,0,0.0,0.0,646.0,0.0,가을,3,15,0.026,낮음
경남,2021,11,20.2,10.39,0.7,43.3,66.53333333333333,27.6,9.49,10.541111111111114,3.9833333333333334,0,2,0,0.0,0.0,646.0,0.0,가을,3,15,0.0,낮음
경남,2021,12,15.0,3.861290322580645,-8.5,2.3000000000000003,60.0,31.5,9.006451612903225,4.1817204301075295,6.441935483870968,0,1,0,0.0,0.0,646.0,0.0,겨울,4,15,0.026,낮음
경남,2022,1,12.2,1.6225806451612903,-6.9,1.2,47.25806451612903,28.0,9.519354838709678,1.5677419354838733,0.2709677419354839,0,1,0,0.0,0.0,681.0,1.0,겨울,4,15,0.0,낮음
경남,2022,2,12.6,1.917857142857143,-8.0,2.5,45.214285714285715,27.3,9.68214285714286,1.7452380952380977,0.625,0,1,0,0.0,0.0,681.0,1.0,겨울,4,15,0.0,낮음
경남,2022,3,19.8,9.087096774193547,-2.8,94.0,67.7741935483871,31.9,9.980645161290322,8.889247311827958,19.251612903225805,0,9,0,0.0,0.0,681.0,1.0,봄,1,15,0.048,낮음
경남,2022,4,25.5,14.006666666666666,4.2,92.1,66.4,31.4,9.963333333333331,14.003333333333336,16.64666666666667,0,7,0,0.0,0.0,681.0,1.0,봄,1,15,0.042,낮음
경남,2022,5,32.4,19.01935483870968,6.8,9.9,58.483870967741936,25.3,10.85483870967742,18.69032258064517,8.62258064516129,0,3,0,0.0,0.0,681.0,1.0,봄,1,15,0.02,낮음
경남,2022,6,29.3,21.93,13.2,166.20000000000002,80.63333333333334,32.5,7.03,21.836666666666662,32.19666666666667,0,12,0,0.0,0.0,681.0,1.0,여름,2,15,0.068,낮음
경남,2022,7,34.5,26.516129032258064,21.5,192.1,82.25806451612904,26.2,6.464516129032258,26.465591397849465,44.49032258064516,1,19,0,0.0,0.0,681.0,1.0,여름,2,15,0.109,낮음
경남,2022,8,32.9,26.25483870967742,18.1,205.8,83.41935483870968,33.7,5.77741935483871,26.35913978494624,44.08064516129032,0,17,1,0.0,11550.0,681.0,1.0,여름,2,15,0.782,높음
경남,2022,9,31.0,22.10666666666667,14.1,246.8,76.66666666666667,51.0,7.423333333333334,22.206666666666667,65.65666666666667,0,10,0,0.0,0.0,681.0,1.0,가을,3,15,0.0,낮음
경남,2022,10,28.4,16.12258064516129,6.6,16.0,66.38709677419355,25.9,8.69032258064516,16.338709677419356,3.645161290322577,0,5,0,0.0,0.0,681.0,1.0,가을,3,15,0.096,낮음
경남,2022,11,21.5,11.976666666666668,-2.8,42.2,61.833333333333336,33.9,10.216666666666669,12.263333333333335,5.863333333333329,0,5,0,0.0,0.0,681.0,1.0,가을,3,15,0.001,낮음
경남,2022,12,12.2,1.2483870967741937,-8.9,11.3,52.67741935483871,30.8,8.422580645161291,1.3913978494623678,6.487096774193543,0,2,0,0.0,0.0,681.0,1.0,겨울,4,15,0.0,낮음
경남,2023,1,16.3,1.803225806451613,-12.3,73.3,56.70967741935484,34.4,9.48709677419355,1.7881720430107546,16.538709677419348,0,4,0,0.0,0.0,702.0,1.0,겨울,4,15,0.0,낮음
경남,2023,2,13.5,4.7821428571428575,-4.4,40.1,59.142857142857146,25.1,10.014285714285714,4.602380952380955,9.974999999999994,0,7,0,0.0,0.0,702.0,1.0,겨울,4,15,0.072,낮음
경남,2023,3,23.8,10.641935483870968,-2.0,71.4,65.64516129032258,27.2,10.69032258064516,10.372043010752687,16.14838709677419,0,7,0,0.0,0.0,702.0,1.0,봄,1,15,0.0,낮음
경남,2023,4,26.2,13.693333333333332,3.0,97.2,69.36666666666666,31.5,9.263333333333332,13.675555555555556,20.506666666666668,0,9,0,0.0,0.0,702.0,1.0,봄,1,15,0.091,낮음
경남,2023,5,25.9,17.638709677419353,7.9,300.8,77.41935483870968,30.6,8.332258064516129,17.488172043010753,57.038709677419355,0,12,0,0.0,0.0,702.0,1.0,봄,1,15,0.07,낮음
경남,2023,6,31.0,22.073333333333338,14.9,208.6,82.06666666666666,25.5,7.260000000000001,21.94777777777778,48.86666666666667,0,14,0,0.0,0.0,702.0,1.0,여름,2,15,0.012,낮음
경남,2023,7,33.4,25.25483870967742,19.6,282.1,89.93548387096774,33.1,6.032258064516129,25.115053763440866,76.23548387096773,1,19,0,0.0,0.0,702.0,1.0,여름,2,15,0.285,낮음
경남,2023,8,34.0,27.083870967741937,22.3,307.7,83.61290322580645,32.7,6.183870967741936,27.159139784946237,62.3774193548387,6,15,0,0.0,0.0,702.0,1.0,여름,2,15,0.315,보통
경남,2023,9,29.7,23.45,15.9,297.3,84.03333333333333,29.8,6.7,23.622222222222224,75.59333333333332,0,16,0,0.0,0.0,702.0,1.0,가을,3,15,0.113,낮음
경남,2023,10,23.9,16.316129032258065,6.9,10.9,68.16129032258064,25.8,9.564516129032258,16.480645161290322,3.8193548387096774,0,4,0,0.0,0.0,702.0,1.0,가을,3,15,0.105,낮음
경남,2023,11,25.7,9.663333333333332,-3.9,30.2,64.13333333333334,44.2,9.996666666666666,10.10777777777778,7.066666666666666,0,5,0,0.0,0.0,702.0,1.0,가을,3,15,0.048,낮음
경남,2023,12,19.5,4.503225806451613,-8.0,86.5,63.96774193548387,28.7,8.880645161290323,4.386021505376345,19.14516129032258,0,5,0,0.0,0.0,702.0,1.0,겨울,4,15,0.156,낮음
경남,2024,1,12.9,2.8870967741935485,-8.4,42.8,63.58064516129032,28.8,8.912903225806453,2.8806451612903237,9.993548387096777,0,6,0,0.0,0.0,808.0,0.0,겨울,4,15,0.011,낮음
경남,2024,2,20.8,6.0,-2.4,125.6,74.72413793103448,27.3,7.955172413793103,6.028735632183909,28.444827586206895,0,12,0,0.0,0.0,808.0,0.0,겨울,4,15,0.073,낮음
경남,2024,3,22.6,8.05483870967742,-6.3,120.7,64.90322580645162,31.6,10.016129032258064,7.840860215053764,22.65806451612903,0,9,0,0.0,0.0,808.0,0.0,봄,1,15,0.002,낮음
경남,2024,4,26.5,14.983333333333333,5.7,151.6,74.23333333333333,21.5,9.8,14.837777777777776,33.65333333333333,0,8,1,0.0,282.0,808.0,0.0,봄,1,15,0.292,낮음
경남,2024,5,29.2,18.096774193548388,7.3,120.2,69.70967741935483,31.4,10.529032258064516,17.948387096774194,34.91290322580645,0,11,0,0.0,0.0,808.0,0.0,봄,1,15,0.044,낮음
경남,2024,6,34.0,22.709999999999997,13.5,196.8,74.36666666666666,34.5,9.203333333333331,22.61777777777778,28.68,2,9,0,0.0,0.0,808.0,0.0,여름,2,15,0.004,낮음
경남,2024,7,34.9,25.958064516129035,20.4,197.4,89.83870967741936,34.8,5.9,25.787096774193547,61.00322580645161,3,17,0,0.0,0.0,808.0,0.0,여름,2,15,0.103,낮음
경남,2024,8,34.3,27.858064516129033,22.9,101.1,82.61290322580645,29.3,7.551612903225807,27.91075268817204,22.65806451612903,3,17,0,0.0,0.0,808.0,0.0,여름,2,15,0.074,낮음
경남,2024,9,32.8,25.403333333333332,16.5,210.9,81.96666666666667,22.0,7.026666666666666,25.583333333333332,49.62,0,13,0,0.0,0.0,808.0,0.0,가을,3,15,0.081,낮음
경남,2024,10,28.2,17.951612903225808,8.9,198.0,77.6774193548387,27.9,8.1,18.12795698924731,44.667741935483875,0,10,0,0.0,0.0,808.0,0.0,가을,3,15,0.042,낮음
경남,2024,11,21.8,11.41,1.4,124.0,70.4,28.0,8.163333333333334,11.738888888888884,26.333333333333332,0,3,0,0.0,0.0,808.0,0.0,가을,3,15,0.123,낮음
경남,2024,12,16.5,3.3,-4.3,0.1,58.903225806451616,25.8,7.764516129032257,3.3666666666666645,2.9096774193548387,0,0,0,0.0,0.0,808.0,0.0,겨울,4,15,0.061,낮음
제주,2020,1,19.8,7.474193548387096,1.5,141.1,78.7741935483871,41.8,3.9967741935483874,7.395698924731184,26.19677419354839,0,13,0,0.0,0.0,0.0,0.0,겨울,4,16,0.04,낮음
제주,2020,2,20.4,7.806896551724138,-0.8,72.5,77.03448275862068,39.9,6.003448275862069,7.650574712643681,20.200000000000003,0,13,0,0.0,0.0,0.0,0.0,겨울,4,16,0.0,낮음
제주,2020,3,24.0,10.293548387096775,1.0,88.3,72.87096774193549,40.3,7.096774193548387,10.253763440860215,21.76129032258065,0,10,0,0.0,0.0,0.0,0.0,봄,1,16,0.024,낮음
제주,2020,4,22.4,11.476666666666668,2.5,107.0,68.33333333333333,38.2,6.463333333333334,11.32666666666667,26.26,0,7,0,0.0,0.0,0.0,0.0,봄,1,16,0.075,낮음
제주,2020,5,26.5,18.538709677419355,11.9,111.6,79.58064516129032,43.6,6.729032258064516,18.421505376344086,22.58709677419355,0,11,0,0.0,0.0,0.0,0.0,봄,1,16,0.018,낮음
제주,2020,6,29.1,22.996666666666663,15.5,222.8,84.56666666666666,50.7,5.52,22.91888888888889,46.44666666666668,0,13,0,0.0,0.0,0.0,0.0,여름,2,16,0.0,낮음
제주,2020,7,30.1,23.967741935483872,18.4,340.4,90.93548387096774,37.2,4.467741935483871,23.82150537634409,80.40967741935485,0,25,0,0.0,0.0,0.0,0.0,여름,2,16,0.017,낮음
제주,2020,8,34.2,28.258064516129032,23.4,226.7,84.25806451612904,51.4,4.812903225806452,28.248387096774195,46.77096774193549,2,18,0,0.0,0.0,0.0,0.0,여름,2,16,0.048,낮음
제주,2020,9,29.7,22.14333333333333,16.4,713.9,83.43333333333334,65.3,4.263333333333334,22.391111111111112,175.35666666666663,0,21,0,0.0,0.0,0.0,0.0,가을,3,16,0.117,낮음
제주,2020,10,23.9,16.990322580645163,9.7,58.8,75.70967741935483,37.7,4.425806451612903,17.149462365591397,13.693548387096774,0,7,0,0.0,0.0,0.0,0.0,가을,3,16,0.0,낮음
제주,2020,11,23.7,12.903333333333334,6.1,51.4,77.13333333333334,35.0,5.493333333333334,13.135555555555555,11.02,0,10,0,0.0,0.0,0.0,0.0,가을,3,16,0.081,낮음
제주,2020,12,13.9,6.435483870967742,-0.8,72.89999999999999,75.29032258064517,43.1,5.064516129032258,6.645161290322582,11.4,0,11,0,0.0,0.0,0.0,0.0,겨울,4,16,0.172,낮음
제주,2021,1,16.9,5.6,-3.3,116.2,74.48387096774194,42.5,5.290322580645161,5.39462365591398,30.706451612903223,0,17,0,0.0,0.0,157.0,0.0,겨울,4,16,0.077,낮음
제주,2021,2,20.9,8.075,-1.0,81.1,74.28571428571429,41.9,6.364285714285714,7.917857142857144,18.953571428571426,0,11,0,0.0,0.0,157.0,0.0,겨울,4,16,0.0,낮음
제주,2021,3,21.1,11.36451612903226,2.7,181.2,77.87096774193549,35.8,7.164516129032258,11.293548387096775,42.067741935483866,0,12,0,0.0,0.0,157.0,0.0,봄,1,16,0.029,낮음
제주,2021,4,22.5,14.24,5.8,96.9,72.96666666666667,38.9,6.556666666666667,14.166666666666668,22.65,0,8,0,0.0,0.0,157.0,0.0,봄,1,16,0.048,낮음
제주,2021,5,28.2,18.44193548387097,8.4,149.1,76.45161290322581,37.4,6.848387096774193,18.282795698924733,34.19677419354839,0,14,1,0.0,53.0,157.0,0.0,봄,1,16,0.607,보통
제주,2021,6,28.1,22.926666666666662,17.0,177.4,82.9,26.8,5.53,22.84888888888889,41.69333333333334,0,13,0,0.0,0.0,157.0,0.0,여름,2,16,0.07,낮음
제주,2021,7,31.9,26.893548387096775,21.8,226.4,85.54838709677419,36.7,4.574193548387097,26.76666666666667,45.80645161290324,0,16,0,0.0,0.0,157.0,0.0,여름,2,16,0.0,낮음
제주,2021,8,31.3,26.51935483870968,21.3,408.7,87.7741935483871,34.2,4.283870967741936,26.56881720430108,95.52580645161292,0,26,0,0.0,0.0,157.0,0.0,여름,2,16,0.037,낮음
제주,2021,9,30.5,24.053333333333335,17.1,568.6,87.43333333333334,42.0,4.07,24.142222222222227,129.8733333333333,0,17,0,0.0,0.0,157.0,0.0,가을,3,16,0.0,낮음
제주,2021,10,30.2,18.970967741935485,8.3,69.39999999999999,80.3225806451613,29.8,5.17741935483871,19.218279569892477,21.04193548387096,0,9,0,0.0,0.0,157.0,0.0,가을,3,16,0.105,낮음
제주,2021,11,20.6,12.72,5.7,111.7,74.56666666666666,39.0,5.516666666666667,12.838888888888892,20.82333333333333,0,8,0,0.0,0.0,157.0,0.0,가을,3,16,0.077,낮음
제주,2021,12,14.9,7.564516129032258,-2.0,80.1,75.83870967741936,42.8,4.825806451612903,7.823655913978496,22.193548387096776,0,16,0,0.0,0.0,157.0,0.0,겨울,4,16,0.118,낮음
제주,2022,1,11.4,4.754838709677419,-1.4,71.3,79.61290322580645,38.7,4.254838709677419,4.782795698924732,17.080645161290324,0,12,0,0.0,0.0,173.0,1.0,겨울,4,16,0.01,낮음
제주,2022,2,12.7,3.925,-1.0,58.3,70.03571428571429,34.9,4.9071428571428575,3.820238095238096,14.639285714285714,0,13,0,0.0,0.0,173.0,1.0,겨울,4,16,0.069,낮음
제주,2022,3,20.4,10.258064516129032,2.3,182.2,76.54838709677419,57.2,7.458064516129032,10.070967741935483,38.667741935483875,0,13,0,0.0,0.0,173.0,1.0,봄,1,16,0.031,낮음
제주,2022,4,25.3,14.466666666666669,3.6,118.1,74.63333333333334,37.0,7.016666666666667,14.41888888888889,22.05,0,9,0,0.0,0.0,173.0,1.0,봄,1,16,0.073,낮음
제주,2022,5,27.8,18.26774193548387,8.3,16.4,70.41935483870968,21.7,6.8741935483870975,18.052688172043013,11.051612903225807,0,4,1,0.0,287.0,173.0,1.0,봄,1,16,0.815,높음
제주,2022,6,30.5,22.876666666666665,16.3,171.20000000000002,86.73333333333333,43.4,5.266666666666667,22.641111111111112,38.78666666666666,0,13,0,0.0,0.0,173.0,1.0,여름,2,16,0.0,낮음
제주,2022,7,32.3,27.02258064516129,21.4,185.2,85.51612903225806,36.1,5.235483870967743,27.037634408602152,33.10645161290322,0,13,0,0.0,0.0,173.0,1.0,여름,2,16,0.0,낮음
제주,2022,8,33.9,27.674193548387095,20.7,112.0,81.96774193548387,30.4,5.16774193548387,27.731182795698928,32.56129032258064,1,14,0,0.0,0.0,173.0,1.0,여름,2,16,0.0,낮음
제주,2022,9,30.1,23.09333333333333,16.3,510.1,84.93333333333334,55.1,4.08,23.233333333333334,121.85,0,17,0,0.0,0.0,173.0,1.0,가을,3,16,0.0,낮음
제주,2022,10,28.5,17.258064516129032,9.4,64.39999999999999,76.6774193548387,33.3,4.719354838709678,17.3989247311828,14.293548387096774,0,9,0,0.0,0.0,173.0,1.0,가을,3,16,0.0,낮음
제주,2022,11,22.9,14.12,2.6,131.7,79.96666666666667,34.4,6.006666666666666,14.410000000000002,22.823333333333338,0,12,1,0.0,44938.0,173.0,1.0,가을,3,16,0.702,높음
제주,2022,12,13.1,5.751612903225807,-1.0,86.4,74.41935483870968,41.4,4.287096774193548,5.830107526881723,27.43225806451613,0,15,1,0.0,860.0,173.0,1.0,겨울,4,16,0.712,높음
제주,2023,1,18.6,5.370967741935484,-5.3,150.6,76.2258064516129,43.4,5.848387096774194,5.382795698924733,33.02580645161291,0,15,0,0.0,0.0,186.0,3.0,겨울,4,16,0.222,낮음
제주,2023,2,15.8,6.425,-0.5,118.1,80.10714285714286,30.2,5.9678571428571425,6.321428571428574,30.478571428571428,0,15,0,0.0,0.0,186.0,3.0,겨울,4,16,0.453,보통
제주,2023,3,21.4,11.109677419354838,0.3,66.0,72.03225806451613,32.0,7.451612903225806,10.917204301075271,15.261290322580644,0,9,0,0.0,0.0,186.0,3.0,봄,1,16,0.04,낮음
제주,2023,4,23.9,14.256666666666666,5.7,141.0,75.9,44.3,6.930000000000001,14.221111111111112,30.91666666666666,0,10,0,0.0,0.0,186.0,3.0,봄,1,16,0.217,낮음
제주,2023,5,27.8,18.861290322580647,11.3,368.4,79.48387096774194,39.6,6.141935483870968,18.672043010752688,75.20645161290321,0,16,0,0.0,0.0,186.0,3.0,봄,1,16,0.469,보통
제주,2023,6,30.5,22.553333333333335,15.4,228.2,85.03333333333333,33.2,5.3966666666666665,22.36111111111111,51.66666666666665,0,14,0,0.0,0.0,186.0,3.0,여름,2,16,0.038,낮음
제주,2023,7,32.6,27.26451612903226,23.0,334.9,87.54838709677419,35.2,4.116129032258065,27.22258064516129,85.69354838709675,0,23,0,0.0,0.0,186.0,3.0,여름,2,16,0.091,낮음
제주,2023,8,32.6,27.65806451612903,22.7,290.1,84.0,41.7,4.296774193548386,27.74731182795699,55.96451612903225,0,19,1,0.0,2027.0,186.0,3.0,여름,2,16,0.381,보통
제주,2023,9,31.1,25.05666666666667,18.2,137.6,83.63333333333334,37.3,3.976666666666667,25.191111111111113,39.67666666666665,0,15,0,0.0,0.0,186.0,3.0,가을,3,16,0.33,보통
제주,2023,10,24.3,18.67096774193548,12.9,24.2,70.06451612903226,33.4,4.94516129032258,18.778494623655913,9.051612903225791,0,5,0,0.0,0.0,186.0,3.0,가을,3,16,0.223,낮음
제주,2023,11,26.3,13.016666666666667,4.0,114.5,74.2,43.8,5.836666666666667,13.361111111111112,23.816666666666652,0,17,0,0.0,0.0,186.0,3.0,가을,3,16,0.479,보통
제주,2023,12,21.4,8.880645161290323,-0.7,135.3,79.61290322580645,42.7,5.151612903225807,8.802150537634411,31.95161290322579,0,18,0,0.0,0.0,186.0,3.0,겨울,4,16,0.29,낮음
제주,2024,1,15.9,7.132258064516129,-0.9,159.7,77.90322580645162,39.5,5.145161290322581,7.1225806451612925,35.13225806451611,0,21,0,0.0,0.0,194.0,1.0,겨울,4,16,0.377,보통
제주,2024,2,18.7,9.251724137931037,2.7,244.8,81.6896551724138,36.6,4.896551724137931,9.293103448275865,54.503448275862056,0,20,0,0.0,0.0,194.0,1.0,겨울,4,16,0.318,보통
제주,2024,3,24.4,10.216129032258063,0.5,242.8,76.61290322580645,35.9,6.370967741935484,10.011827956989247,58.822580645161274,0,18,1,0.0,17070.0,194.0,1.0,봄,1,16,0.224,낮음
제주,2024,4,22.2,16.283333333333335,10.3,160.3,79.86666666666666,28.0,5.6866666666666665,16.230000000000004,34.206666666666656,0,14,2,0.0,4675.0,194.0,1.0,봄,1,16,0.343,보통
제주,2024,5,26.3,18.677419354838708,12.5,142.6,72.93548387096774,39.1,6.193548387096774,18.597849462365595,36.39677419354839,0,11,0,0.0,0.0,194.0,1.0,봄,1,16,0.319,보통
제주,2024,6,28.8,22.75,16.0,337.79999999999995,81.7,37.0,4.923333333333333,22.527777777777786,59.336666666666666,0,15,0,0.0,0.0,194.0,1.0,여름,2,16,0.154,낮음
제주,2024,7,32.7,28.070967741935487,22.0,228.2,86.51612903225806,45.2,4.596774193548387,27.979569892473123,69.32903225806452,0,19,0,0.0,0.0,194.0,1.0,여름,2,16,0.166,낮음
제주,2024,8,32.6,28.741935483870968,23.4,100.9,83.45161290322581,33.9,4.509677419354838,28.817204301075275,21.741935483870968,0,16,0,0.0,0.0,194.0,1.0,여름,2,16,0.083,낮음
제주,2024,9,33.3,26.886666666666667,22.0,194.6,83.36666666666666,39.1,4.26,26.954444444444448,48.78,1,20,0,0.0,0.0,194.0,1.0,가을,3,16,0.189,낮음
제주,2024,10,27.4,20.496774193548383,13.3,213.0,80.35483870967742,39.1,4.170967741935483,20.643010752688173,45.88709677419355,0,19,0,0.0,0.0,194.0,1.0,가을,3,16,0.369,보통
제주,2024,11,24.3,14.9,6.5,357.3,74.9,41.8,4.866666666666666,15.204444444444448,80.53999999999999,0,13,0,0.0,0.0,194.0,1.0,가을,3,16,0.583,보통
제주,2024,12,18.3,7.948387096774193,2.5,56.7,68.45161290322581,36.7,4.103225806451613,8.038709677419359,17.458064516129035,0,13,0,0.0,0.0,194.0,1.0,겨울,4,16,0.214,낮음
